,lever,ball,door,stick,Cluster
325,0,0,1,0,0
988,0,0,1,0,0
989,0,0,1,0,0
990,0,0,1,0,0
991,0,0,1,0,0
992,0,0,1,0,0
993,0,0,1,0,0
994,0,0,1,0,0
995,0,0,1,0,0
996,0,0,1,0,0
997,0,0,1,0,0
998,0,0,1,0,0
999,0,0,1,0,0
1000,0,0,1,0,0
1001,0,0,1,0,0
1002,0,0,1,0,0
1003,0,0,1,0,0
1004,0,0,1,0,0
1005,0,0,1,0,0
1006,0,0,1,0,0
1007,0,0,1,0,0
1008,0,0,1,0,0
1009,0,0,1,0,0
1010,0,0,1,0,0
1347,0,0,1,0,0
1348,0,0,1,0,0
1349,0,0,1,0,0
1350,0,0,1,0,0
1351,0,0,1,0,0
1352,0,0,1,0,0
1353,0,0,1,0,0
1354,0,0,1,0,0
1355,0,0,1,0,0
1356,0,0,1,0,0
1357,0,0,1,0,0
1358,0,0,1,0,0
1374,0,0,1,0,0
1375,0,0,1,0,0
1376,0,0,1,0,0
1377,0,0,1,0,0
1385,0,0,1,0,0
1386,0,0,1,0,0
1387,0,0,1,0,0
1388,0,0,1,0,0
1389,0,0,1,0,0
1390,0,0,1,0,0
1391,0,0,1,0,0
1392,0,0,1,0,0
1393,0,0,1,0,0
1394,0,0,1,0,0
1403,0,0,1,0,0
1404,0,0,1,0,0
1405,0,0,1,0,0
1406,0,0,1,0,0
1407,0,1,1,0,1
1408,0,1,0,0,1
1409,0,1,0,0,1
1410,0,1,0,0,1
1411,0,1,0,0,1
1412,0,1,0,0,1
1413,0,1,0,0,1
1414,0,1,0,0,1
1415,0,1,0,0,1
1416,0,1,0,0,1
1417,0,1,0,0,1
1418,0,1,0,0,1
1419,0,1,0,0,1
1420,0,1,0,0,1
1421,0,1,0,0,1
1422,0,1,0,0,1
1423,0,1,0,0,1
1424,0,1,0,0,1
1425,0,1,0,0,1
1457,0,1,0,0,1
1458,0,1,0,0,1
1459,0,1,0,0,1
1460,0,1,0,0,1
1461,0,1,0,0,1
1462,0,1,0,0,1
1463,0,1,0,0,1
1464,0,1,0,0,1
1465,0,1,0,0,1
1473,0,1,0,0,1
1998,1,0,0,0,3
1999,1,0,0,0,3
2000,1,0,0,0,3
2001,1,0,0,0,3
2002,1,0,0,0,3
2003,1,0,0,0,3
2004,1,0,0,0,3
2005,1,0,0,0,3
2006,1,0,0,0,3
2007,1,0,0,0,3
2008,1,0,0,0,3
2009,1,0,0,0,3
2010,1,0,0,0,3
2011,1,0,0,0,3
2013,1,0,0,0,3
2014,1,0,0,0,3
2015,1,0,0,0,3
2016,1,0,0,0,3
2017,1,0,0,0,3
2018,1,0,0,0,3
2019,1,0,0,0,3
2020,1,0,0,0,3
2022,1,0,0,0,3
2023,1,0,0,0,3
2024,1,0,0,0,3
2025,1,0,0,0,3
2026,1,0,0,0,3
2027,1,0,0,0,3
2028,1,0,0,0,3
2163,0,0,1,0,0
2164,0,0,1,0,0
2165,0,0,1,0,0
2166,0,0,1,0,0
2167,0,0,1,0,0
2168,0,0,1,0,0
2169,0,0,1,0,0
2170,0,0,1,0,0
2171,0,0,1,0,0
2172,0,0,1,0,0
2173,0,0,1,0,0
2174,0,0,1,0,0
2175,0,0,1,0,0
2176,0,0,1,0,0
2177,0,0,1,0,0
2178,0,0,1,0,0
2179,0,0,1,0,0
2189,0,0,1,0,0
2190,0,0,1,0,0
2191,0,0,1,0,0
2192,0,0,1,0,0
2193,0,0,1,0,0
2194,0,0,1,0,0
2195,0,0,1,0,0
2196,0,0,1,0,0
2197,0,0,1,0,0
2241,0,0,1,0,0
2242,0,0,1,0,0
2243,0,0,1,0,0
2244,0,0,1,0,0
2245,0,0,1,0,0
2246,0,0,1,0,0
2247,0,0,1,0,0
2248,0,0,1,0,0
2249,0,0,1,0,0
2250,0,0,1,0,0
2251,0,0,1,0,0
2252,0,0,1,0,0
2253,0,0,1,0,0
2254,0,0,1,0,0
2255,0,0,1,0,0
2256,0,0,1,0,0
2257,0,0,1,0,0
2258,0,0,1,0,0
2259,0,0,1,0,0
2260,0,0,1,0,0
2261,0,0,1,0,0
2262,0,0,1,0,0
2263,0,0,1,0,0
2264,0,0,1,0,0
2265,0,0,1,0,0
2266,0,0,1,0,0
2267,0,0,1,0,0
2268,0,0,1,0,0
2269,0,0,1,0,0
2270,0,0,1,0,0
2271,0,0,1,0,0
2272,0,0,1,0,0
2273,0,0,1,0,0
2274,0,0,1,0,0
2275,0,0,1,0,0
2276,0,0,1,0,0
2277,0,0,1,0,0
2278,0,0,1,0,0
2279,0,0,1,0,0
2280,0,0,1,0,0
2281,0,0,1,0,0
2282,0,0,1,0,0
2283,0,0,1,0,0
2284,0,0,1,0,0
2285,0,0,1,0,0
2286,0,0,1,0,0
2287,0,0,1,0,0
2288,0,0,1,0,0
2289,0,0,1,0,0
2290,0,0,1,0,0
2291,0,0,1,0,0
2292,0,0,1,0,0
2293,0,0,1,0,0
2294,0,0,1,0,0
2295,0,0,1,0,0
2296,0,0,1,0,0
2297,0,0,1,0,0
2298,0,0,1,0,0
2299,0,0,1,0,0
2300,0,0,1,0,0
2301,0,0,1,0,0
2302,0,0,1,0,0
2303,0,0,1,0,0
2304,0,0,1,0,0
2305,0,0,1,0,0
2306,0,0,1,0,0
2307,0,0,1,0,0
2308,0,0,1,0,0
2309,0,0,1,0,0
2310,0,0,1,0,0
2311,0,0,1,0,0
2312,0,0,1,0,0
2313,0,0,1,0,0
2314,0,0,1,0,0
2315,0,0,1,0,0
2316,0,0,1,0,0
2317,0,0,1,0,0
2318,0,0,1,0,0
2319,0,0,1,0,0
2320,0,0,1,0,0
2321,0,0,1,0,0
2322,0,0,1,0,0
2323,0,0,1,0,0
2324,0,0,1,0,0
2325,0,0,1,0,0
2326,0,0,1,0,0
2327,0,0,1,0,0
2328,0,0,1,0,0
2329,0,0,1,0,0
2330,0,0,1,0,0
2331,0,0,1,0,0
2332,0,0,1,0,0
2333,0,0,1,0,0
2334,0,0,1,0,0
2335,0,0,1,0,0
2336,0,0,1,0,0
2337,0,0,1,0,0
2338,0,0,1,0,0
2339,0,0,1,0,0
2340,0,0,1,0,0
2341,0,0,1,0,0
2342,0,0,1,0,0
2343,0,0,1,0,0
2344,0,0,1,0,0
2345,0,0,1,0,0
2346,0,0,1,0,0
2347,0,0,1,0,0
2348,0,0,1,0,0
2349,0,0,1,0,0
2350,0,0,1,0,0
2351,0,0,1,0,0
2352,0,0,1,0,0
2353,0,0,1,0,0
2354,0,0,1,0,0
2369,0,0,1,0,0
2370,0,0,1,0,0
2371,0,0,1,0,0
2372,0,0,1,0,0
2373,0,0,1,0,0
2374,0,0,1,0,0
2375,0,0,1,0,0
2396,0,0,1,0,0
2397,0,0,1,0,0
2398,0,0,1,0,0
2399,0,0,1,0,0
2400,0,0,1,0,0
2401,0,0,1,0,0
2402,0,0,1,0,0
2403,0,0,1,0,0
2404,0,0,1,0,0
2417,0,0,1,0,0
2418,0,0,1,0,0
2419,0,0,1,0,0
2420,0,0,1,0,0
2421,0,0,1,0,0
2422,0,0,1,0,0
2423,0,0,1,0,0
2424,0,0,1,0,0
2444,0,0,1,0,0
2445,0,0,1,0,0
2446,0,0,1,0,0
2447,0,0,1,0,0
2448,0,0,1,0,0
2453,0,0,1,0,0
2454,0,0,1,0,0
2455,0,0,1,0,0
2456,0,0,1,0,0
2457,0,0,1,0,0
2458,0,0,1,0,0
2479,0,0,1,0,0
2480,0,0,1,0,0
2481,0,0,1,0,0
2482,0,0,1,0,0
2483,0,0,1,0,0
2484,0,0,1,0,0
2485,0,0,1,0,0
2486,0,0,1,0,0
2487,0,0,1,0,0
2488,0,0,1,0,0
2489,0,0,1,0,0
2490,0,0,1,0,0
2491,0,0,1,0,0
2492,0,0,1,0,0
2493,0,0,1,0,0
2494,0,0,1,0,0
2495,0,0,1,0,0
2496,0,0,1,0,0
2497,0,0,1,0,0
2498,0,0,1,0,0
2499,0,0,1,0,0
2541,0,0,1,0,0
2542,0,0,1,0,0
2543,0,0,1,0,0
2544,0,0,1,0,0
2555,0,0,1,0,0
2556,0,0,1,0,0
2557,0,0,1,0,0
2558,0,0,1,0,0
2559,0,0,1,0,0
2560,0,0,1,0,0
2561,0,0,1,0,0
2562,0,0,1,0,0
2563,0,0,1,0,0
2564,0,0,1,0,0
2565,0,0,1,0,0
2566,0,0,1,0,0
2567,0,0,1,0,0
2568,0,0,1,0,0
2569,0,0,1,0,0
2570,0,0,1,0,0
2571,0,0,1,0,0
2572,0,0,1,0,0
2573,0,0,1,0,0
2574,0,0,1,0,0
2575,0,0,1,0,0
2576,0,0,1,0,0
2577,0,0,1,0,0
2578,0,0,1,0,0
2579,0,0,1,0,0
2586,0,0,1,0,0
2587,0,0,1,0,0
2588,0,0,1,0,0
2589,0,0,1,0,0
2590,0,0,1,0,0
2605,0,0,1,0,0
2606,0,0,1,0,0
2607,0,0,1,0,0
2608,0,0,1,0,0
2609,0,0,1,0,0
2610,0,0,1,0,0
2611,0,0,1,0,0
2612,0,0,1,0,0
2613,0,0,1,0,0
2614,0,0,1,0,0
2615,0,0,1,0,0
2616,0,0,1,0,0
2617,0,0,1,0,0
2618,0,0,1,0,0
2619,0,0,1,0,0
2620,0,0,1,0,0
2621,0,0,1,0,0
2622,0,0,1,0,0
2623,0,0,1,0,0
2624,0,0,1,0,0
2625,0,0,1,0,0
2635,0,0,1,0,0
2636,0,0,1,0,0
2637,0,0,1,0,0
2638,0,0,1,0,0
2639,0,0,1,0,0
2640,0,0,1,0,0
2641,0,0,1,0,0
2642,0,0,1,0,0
2643,0,0,1,0,0
2644,0,0,1,0,0
2645,0,0,1,0,0
2646,0,0,1,0,0
2647,0,0,1,0,0
2648,0,0,1,0,0
2649,0,0,1,0,0
2650,0,0,1,0,0
2651,0,0,1,0,0
2652,0,0,1,0,0
2653,0,0,1,0,0
2654,0,0,1,0,0
2655,0,0,1,0,0
2656,0,0,1,0,0
2657,0,0,1,0,0
2658,0,0,1,0,0
2659,0,0,1,0,0
2660,0,0,1,0,0
2661,0,0,1,0,0
2662,0,0,1,0,0
2663,0,0,1,0,0
2664,0,0,1,0,0
2665,0,0,1,0,0
2666,0,0,1,0,0
2667,0,0,1,0,0
2668,0,0,1,0,0
2669,0,0,1,0,0
2670,0,0,1,0,0
2671,0,0,1,0,0
2672,0,0,1,0,0
2673,0,0,1,0,0
2674,0,0,1,0,0
2675,0,0,1,0,0
2676,0,0,1,0,0
2682,0,0,1,0,0
2683,0,0,1,0,0
2684,0,0,1,0,0
2685,0,0,1,0,0
2686,0,0,1,0,0
2687,0,0,1,0,0
2688,0,0,1,0,0
2689,0,0,1,0,0
2690,0,0,1,0,0
2691,0,0,1,0,0
2692,0,0,1,0,0
2693,0,0,1,0,0
2694,0,0,1,0,0
2695,0,0,1,0,0
2696,0,0,1,0,0
2697,0,0,1,0,0
2698,0,0,1,0,0
2699,0,0,1,0,0
2700,0,0,1,0,0
2701,0,0,1,0,0
2702,0,0,1,0,0
2703,0,0,1,0,0
2704,0,0,1,0,0
2705,0,0,1,0,0
2706,0,0,1,0,0
2707,0,0,1,0,0
2708,0,0,1,0,0
2709,0,0,1,0,0
2710,0,0,1,0,0
2711,0,0,1,0,0
2712,0,0,1,0,0
2713,0,0,1,0,0
2714,0,0,1,0,0
2715,0,0,1,0,0
2716,0,0,1,0,0
2717,0,0,1,0,0
2718,0,0,1,0,0
2719,0,0,1,0,0
2720,0,0,1,0,0
2721,0,0,1,0,0
2722,0,0,1,0,0
2723,0,0,1,0,0
2724,0,0,1,0,0
2725,0,0,1,0,0
2726,0,0,1,0,0
2727,0,0,1,0,0
2728,0,0,1,0,0
2729,0,0,1,0,0
2730,0,0,1,0,0
2731,0,0,1,0,0
2732,0,0,1,0,0
2733,0,0,1,0,0
2734,0,0,1,0,0
2735,0,0,1,0,0
2736,0,0,1,0,0
2737,0,0,1,0,0
2738,0,0,1,0,0
2739,0,0,1,0,0
2740,0,0,1,0,0
2741,0,0,1,0,0
2742,0,0,1,0,0
2743,0,0,1,0,0
2744,0,0,1,0,0
2745,0,0,1,0,0
2746,0,0,1,0,0
2747,0,0,1,0,0
2748,0,0,1,0,0
2749,0,0,1,0,0
2750,0,0,1,0,0
2751,0,0,1,0,0
2752,0,0,1,0,0
2753,0,0,1,0,0
2754,0,0,1,0,0
2755,0,0,1,0,0
2756,0,0,1,0,0
2757,0,0,1,0,0
2758,0,0,1,0,0
2759,0,0,1,0,0
2760,0,0,1,0,0
2761,0,0,1,0,0
2762,0,0,1,0,0
2763,0,0,1,0,0
2764,0,0,1,0,0
2765,0,0,1,0,0
2766,0,0,1,0,0
2767,0,0,1,0,0
2768,0,0,1,0,0
2769,0,0,1,0,0
2770,0,0,1,0,0
2771,0,0,1,0,0
2772,0,0,1,0,0
2773,0,0,1,0,0
2774,0,0,1,0,0
2775,0,0,1,0,0
2776,0,0,1,0,0
2777,0,0,1,0,0
2778,0,0,1,0,0
2779,0,0,1,0,0
2780,0,0,1,0,0
2781,0,0,1,0,0
2782,0,0,1,0,0
2783,0,0,1,0,0
2784,0,0,1,0,0
2785,0,0,1,0,0
2786,0,0,1,0,0
2787,0,0,1,0,0
2788,0,0,1,0,0
2789,0,0,1,0,0
2790,0,0,1,0,0
2791,0,0,1,0,0
2792,0,0,1,0,0
2793,0,0,1,0,0
2794,0,0,1,0,0
2795,0,0,1,0,0
2796,0,0,1,0,0
2797,0,0,1,0,0
2798,0,0,1,0,0
2799,0,0,1,0,0
2800,0,0,1,0,0
2801,0,0,1,0,0
2802,0,0,1,0,0
2803,0,0,1,0,0
2804,0,0,1,0,0
2805,0,0,1,0,0
2806,0,0,1,0,0
2807,0,0,1,0,0
2808,0,0,1,0,0
2809,0,0,1,0,0
2810,0,0,1,0,0
2811,0,0,1,0,0
2812,0,0,1,0,0
2813,0,0,1,0,0
2814,0,0,1,0,0
2815,0,0,1,0,0
2816,0,0,1,0,0
2817,0,0,1,0,0
2818,0,0,1,0,0
2819,0,0,1,0,0
2820,0,0,1,0,0
2821,0,0,1,0,0
2822,0,0,1,0,0
2823,0,0,1,0,0
2824,0,0,1,0,0
2825,0,0,1,0,0
2826,0,0,1,0,0
2827,0,0,1,0,0
2828,0,0,1,0,0
2829,0,0,1,0,0
2830,0,0,1,0,0
2831,0,0,1,0,0
2832,0,0,1,0,0
2833,0,0,1,0,0
2834,0,0,1,0,0
2835,0,0,1,0,0
2836,0,0,1,0,0
2837,0,0,1,0,0
2838,0,0,1,0,0
2839,0,0,1,0,0
2840,0,0,1,0,0
2841,0,0,1,0,0
2842,0,0,1,0,0
2843,0,0,1,0,0
2844,0,0,1,0,0
2845,0,0,1,0,0
2846,0,0,1,0,0
2847,0,0,1,0,0
2848,0,0,1,0,0
2849,0,0,1,0,0
2850,0,0,1,0,0
2856,0,0,1,0,0
2857,0,0,1,0,0
2858,0,0,1,0,0
2859,0,0,1,0,0
2860,0,0,1,0,0
2861,0,0,1,0,0
2862,0,0,1,0,0
2863,0,0,1,0,0
2864,0,0,1,0,0
2865,0,0,1,0,0
2866,0,0,1,0,0
3593,0,0,1,0,0
3594,0,0,1,0,0
3595,0,0,1,0,0
3596,0,0,1,0,0
3597,0,0,1,0,0
3598,0,0,1,0,0
3599,0,0,1,0,0
3600,0,0,1,0,0
3601,0,0,1,0,0
3602,0,0,1,0,0
3603,0,0,1,0,0
3604,0,0,1,0,0
3605,0,0,1,0,0
3606,0,0,1,0,0
3607,0,0,1,0,0
3608,0,0,1,0,0
3609,0,0,1,0,0
3610,0,0,1,0,0
3614,0,0,1,0,0
3615,0,0,1,0,0
3616,0,0,1,0,0
3617,0,0,1,0,0
3643,0,0,1,0,0
3644,0,0,1,0,0
3645,0,0,1,0,0
3646,0,0,1,0,0
3647,0,0,1,0,0
3648,0,0,1,0,0
3649,0,0,1,0,0
3650,0,0,1,0,0
3651,0,0,1,0,0
3652,0,0,1,0,0
3653,0,0,1,0,0
3654,0,0,1,0,0
3655,0,0,1,0,0
3656,0,0,1,0,0
3657,0,0,1,0,0
3658,0,0,1,0,0
3659,0,0,1,0,0
3660,0,0,1,0,0
3661,0,0,1,0,0
3662,0,0,1,0,0
3663,0,0,1,0,0
3664,0,1,0,0,1
3665,0,1,0,0,1
3666,0,1,0,0,1
3667,0,1,0,0,1
3668,0,1,0,0,1
3669,0,1,0,0,1
3670,0,1,0,0,1
3671,0,1,0,0,1
3672,0,1,0,0,1
3673,0,1,0,0,1
3674,0,1,0,0,1
3675,0,1,0,0,1
3676,0,1,0,0,1
3677,0,1,0,0,1
3678,0,1,0,0,1
3679,0,1,0,0,1
3680,0,1,0,0,1
3681,0,1,0,0,1
3682,0,1,0,0,1
3683,0,1,0,0,1
3684,0,1,0,0,1
3685,0,1,0,0,1
3688,0,1,0,0,1
3689,0,1,0,0,1
3690,0,1,0,1,2
3691,0,1,0,1,2
3692,0,1,0,1,2
3693,0,1,0,1,2
3700,0,1,0,0,1
3701,0,1,0,0,1
3702,0,1,0,0,1
3703,0,1,0,0,1
3704,0,1,0,0,1
3705,0,1,0,0,1
3712,0,1,0,0,1
3718,0,0,1,0,0
3719,0,0,1,0,0
3720,0,0,1,0,0
3729,0,0,1,0,0
3730,0,0,1,0,0
3731,0,0,1,0,0
3732,0,0,1,0,0
3736,0,0,1,0,0
3746,0,1,0,1,2
3747,0,1,0,1,2
3748,0,1,0,1,2
3749,0,1,0,1,2
3750,0,1,0,1,2
3751,0,1,0,1,2
3752,0,1,0,1,2
3753,0,1,1,1,2
3754,0,1,0,0,1
3755,0,1,0,0,1
3756,0,1,0,0,1
3757,0,1,1,0,1
3758,0,1,1,0,1
3759,0,1,1,0,1
3760,0,1,1,0,1
3761,0,1,1,0,1
3762,0,1,0,0,1
3764,0,0,1,0,0
3765,0,0,1,0,0
3766,0,0,1,0,0
3767,0,0,1,0,0
3768,0,0,1,0,0
3769,0,0,1,0,0
3770,0,0,1,0,0
3771,0,0,1,0,0
3772,0,0,1,0,0
3773,0,0,1,0,0
3774,0,0,1,0,0
3775,0,0,1,0,0
3776,0,0,1,0,0
3777,0,1,1,0,1
3778,0,0,1,0,0
3779,0,0,1,0,0
3780,0,0,1,0,0
3781,0,0,1,0,0
3782,0,0,1,0,0
3783,0,1,1,0,1
3786,0,1,0,0,1
3787,0,1,0,0,1
3788,0,1,0,0,1
3789,0,1,0,0,1
3790,0,1,0,0,1
3796,0,1,0,0,1
3797,0,1,0,0,1
3798,0,1,0,0,1
3799,0,1,0,0,1
3800,0,1,0,0,1
3801,0,1,0,0,1
3802,0,1,0,0,1
3803,0,1,0,0,1
3804,0,1,1,0,1
3805,0,1,1,0,1
3806,0,1,1,0,1
3807,0,1,1,0,1
3808,0,1,1,0,1
3809,0,1,1,0,1
3810,0,1,1,0,1
3811,0,1,0,0,1
3812,0,1,0,0,1
3813,0,1,0,0,1
3814,0,1,0,0,1
3815,0,1,0,0,1
3816,0,1,0,0,1
3817,0,1,0,0,1
3818,0,1,0,0,1
3819,0,1,0,0,1
3820,0,1,0,0,1
3821,0,1,0,0,1
3822,0,1,0,0,1
3823,0,1,0,0,1
3824,0,1,0,0,1
3825,0,1,0,0,1
3826,0,1,0,0,1
3827,0,1,0,0,1
3828,0,1,0,1,2
3829,0,1,0,1,2
3830,0,1,0,1,2
3831,0,0,0,1,2
3832,0,0,0,1,2
3833,0,0,0,1,2
3842,0,0,0,1,2
3843,0,0,0,1,2
3844,0,0,0,1,2
3845,0,0,0,1,2
3846,0,0,0,1,2
3847,0,0,0,1,2
3848,0,0,0,1,2
3849,0,0,0,1,2
3850,0,0,0,1,2
3851,0,0,0,1,2
3855,0,1,0,0,1
3856,0,1,0,0,1
3857,0,1,0,0,1
3858,0,1,0,0,1
3859,0,1,0,0,1
3860,0,1,0,0,1
3861,0,1,0,0,1
3867,0,1,0,0,1
3868,0,1,0,0,1
3869,0,1,0,0,1
3870,0,1,0,0,1
3871,0,1,0,0,1
3872,0,1,0,0,1
3873,0,1,0,0,1
3874,0,1,0,0,1
3875,0,1,0,0,1
3893,0,0,0,1,2
3940,0,1,0,0,1
3978,0,1,0,0,1
3989,0,1,0,0,1
3993,0,1,0,0,1
3994,0,1,0,0,1
3995,0,1,0,0,1
3996,0,1,0,0,1
3997,0,1,0,0,1
4000,0,1,0,0,1
4001,0,1,0,0,1
4002,0,1,0,0,1
4003,0,1,0,0,1
4006,0,0,0,1,2
4007,0,0,0,1,2
4008,0,0,0,1,2
4009,0,0,0,1,2
4010,0,0,0,1,2
4011,0,0,0,1,2
4012,0,0,0,1,2
4073,0,0,0,1,2
4074,0,0,0,1,2
4075,0,0,0,1,2
4076,0,0,0,1,2
4077,0,0,0,1,2
4078,0,0,0,1,2
4117,0,0,0,1,2
4118,0,0,0,1,2
4119,0,0,0,1,2
4120,0,0,0,1,2
4121,0,0,0,1,2
4122,0,0,0,1,2
4123,0,0,0,1,2
4124,0,0,0,1,2
4125,0,0,0,1,2
4126,0,0,0,1,2
4127,0,0,0,1,2
4128,0,0,0,1,2
4137,0,0,0,1,2
4138,0,0,0,1,2
4139,0,0,0,1,2
4140,0,0,0,1,2
4141,0,0,0,1,2
4142,0,0,0,1,2
4143,0,0,0,1,2
4144,0,0,0,1,2
4145,0,0,0,1,2
4146,0,0,0,1,2
4147,0,0,0,1,2
4159,0,0,0,1,2
4160,0,0,0,1,2
4161,0,0,0,1,2
4162,0,0,0,1,2
4163,0,0,0,1,2
4164,0,0,0,1,2
4165,0,0,0,1,2
4166,0,0,0,1,2
4204,0,0,0,1,2
4264,0,0,1,0,0
4265,0,0,1,0,0
4266,0,0,1,0,0
4267,0,0,1,0,0
4268,0,0,1,0,0
4269,0,0,1,0,0
4270,0,0,1,0,0
4271,0,0,1,0,0
4272,0,0,1,0,0
4273,0,0,1,0,0
4274,0,0,1,0,0
4275,0,0,1,0,0
4276,0,0,1,0,0
4277,0,0,1,0,0
4306,0,1,0,0,1
4307,0,0,1,0,0
4308,0,0,1,0,0
4309,0,0,1,0,0
4310,0,0,1,0,0
4311,0,0,1,0,0
4312,0,0,1,0,0
4313,0,0,1,0,0
4314,0,0,1,0,0
4315,0,0,1,0,0
4316,0,0,1,0,0
4317,0,0,1,0,0
4318,0,0,1,0,0
4319,0,0,1,0,0
4320,0,0,1,0,0
4321,0,0,1,0,0
4322,0,1,1,0,1
4323,0,0,1,0,0
4324,0,0,1,0,0
4325,0,0,1,0,0
4326,1,0,1,0,3
4327,0,0,1,0,0
4328,0,0,1,0,0
4332,0,1,0,0,1
4350,0,1,0,0,1
4351,0,1,0,0,1
4352,0,1,0,0,1
4353,0,1,0,0,1
4355,0,0,1,0,0
4356,0,0,1,0,0
4357,0,0,1,0,0
4358,0,0,1,0,0
4359,0,0,1,0,0
4360,0,0,1,0,0
4361,0,0,1,0,0
4362,0,0,1,0,0
4363,0,0,1,0,0
4364,0,0,1,0,0
4389,0,0,1,0,0
4390,0,0,1,0,0
4391,0,0,1,0,0
4392,0,0,1,0,0
4393,0,0,1,0,0
4394,0,0,1,0,0
4395,0,0,1,0,0
4814,0,0,1,0,0
4815,0,0,1,0,0
4816,0,0,1,0,0
4817,0,0,1,0,0
4818,0,0,1,0,0
4819,0,0,1,0,0
4820,0,0,1,0,0
4821,0,0,1,0,0
4822,0,0,1,0,0
4823,0,0,1,0,0
4824,0,0,1,0,0
4825,0,0,1,0,0
4826,0,0,1,0,0
4827,0,0,1,0,0
4828,0,0,1,0,0
4829,0,0,1,0,0
4841,0,0,1,0,0
4842,0,0,1,0,0
4843,0,0,1,0,0
4844,0,0,1,0,0
4845,0,0,1,0,0
4846,0,0,1,0,0
4847,0,0,1,0,0
4848,0,0,1,0,0
4849,0,0,1,0,0
4850,0,0,1,0,0
4851,0,0,1,0,0
4852,0,0,1,0,0
4853,0,0,1,0,0
4854,0,0,1,0,0
4855,0,0,1,0,0
4856,0,0,1,0,0
4857,0,0,1,0,0
4858,0,0,1,0,0
4859,0,0,1,0,0
4860,0,0,1,0,0
4861,0,0,1,0,0
4862,0,0,1,0,0
4863,0,0,1,0,0
4864,0,0,1,0,0
4865,0,0,1,0,0
4866,0,0,1,0,0
4867,0,0,1,0,0
4868,0,0,1,0,0
4869,0,0,1,0,0
4870,0,0,1,0,0
4871,0,0,1,0,0
4872,0,0,1,0,0
4873,0,0,1,0,0
4874,0,0,1,0,0
4875,0,0,1,0,0
4876,0,0,1,0,0
4877,0,0,1,0,0
4911,0,0,1,0,0
4912,0,0,1,0,0
4913,0,0,1,0,0
4914,0,0,1,0,0
4915,0,0,1,0,0
4916,0,0,1,0,0
4917,0,0,1,0,0
4918,0,0,1,0,0
4919,0,0,1,0,0
4920,0,0,1,0,0
4954,0,0,1,0,0
4955,0,0,1,0,0
4956,0,0,1,0,0
4957,0,0,1,0,0
4958,0,0,1,0,0
4959,0,0,1,0,0
4960,0,0,1,0,0
4961,0,0,1,0,0
4962,0,0,1,0,0
4963,0,0,1,0,0
4964,0,0,1,0,0
4965,0,0,1,0,0
4966,0,0,1,0,0
4967,0,0,1,0,0
4968,0,0,1,0,0
4969,0,0,1,0,0
4970,0,0,1,0,0
4971,0,0,1,0,0
4972,0,0,1,0,0
4973,0,0,1,0,0
4974,0,0,1,0,0
4975,0,0,1,0,0
4976,0,0,1,0,0
4977,0,0,1,0,0
4978,0,0,1,0,0
4979,0,0,1,0,0
4980,0,0,1,0,0
4981,0,0,1,0,0
4982,0,0,1,0,0
4993,0,0,1,0,0
5007,0,0,1,0,0
5008,0,0,1,0,0
5009,0,0,1,0,0
5010,0,0,1,0,0
5011,0,0,1,0,0
5012,0,0,1,0,0
5013,0,0,1,0,0
5014,0,0,1,0,0
5015,0,0,1,0,0
5016,0,0,1,0,0
5017,0,0,1,0,0
5018,0,0,1,0,0
5019,0,0,1,0,0
5020,0,0,1,0,0
5021,0,0,1,0,0
5022,0,0,1,0,0
5023,0,0,1,0,0
5024,0,0,1,0,0
5025,0,0,1,0,0
5026,0,0,1,0,0
5027,0,0,1,0,0
5028,0,0,1,0,0
5029,0,0,1,0,0
5030,0,0,1,0,0
5031,0,0,1,0,0
5032,0,0,1,0,0
5033,0,0,1,0,0
5034,0,0,1,0,0
5035,0,0,1,0,0
5036,0,0,1,0,0
5037,0,0,1,0,0
5038,0,0,1,0,0
5039,0,0,1,0,0
5040,0,0,1,0,0
5041,0,0,1,0,0
5042,0,0,1,0,0
5043,0,0,1,0,0
5060,0,0,1,0,0
5061,0,0,1,0,0
5062,0,0,1,0,0
5063,0,0,1,0,0
5064,0,0,1,0,0
5065,0,0,1,0,0
5066,0,0,1,0,0
5067,0,0,1,0,0
5068,0,0,1,0,0
5077,0,0,1,0,0
5078,0,0,1,0,0
5079,0,0,1,0,0
5080,0,0,1,0,0
5081,0,0,1,0,0
5082,0,0,1,0,0
5083,0,0,1,0,0
5084,0,0,1,0,0
5085,0,0,1,0,0
5086,0,0,1,0,0
5087,0,0,1,0,0
5109,0,0,1,0,0
5110,0,0,1,0,0
5111,0,0,1,0,0
5112,0,0,1,0,0
5113,0,0,1,0,0
5114,0,0,1,0,0
5115,0,0,1,0,0
5116,0,0,1,0,0
5117,0,0,1,0,0
5118,0,0,1,0,0
5119,0,0,1,0,0
5128,0,0,1,0,0
5129,0,0,1,0,0
5130,0,0,1,0,0
5131,0,0,1,0,0
5132,0,0,1,0,0
5133,0,0,1,0,0
5134,0,0,1,0,0
5135,0,0,1,0,0
5136,0,0,1,0,0
5137,0,0,1,0,0
5138,0,0,1,0,0
5139,0,0,1,0,0
5140,0,0,1,0,0
5141,0,0,1,0,0
5142,0,0,1,0,0
5143,0,0,1,0,0
5144,0,0,1,0,0
5145,0,0,1,0,0
5163,0,0,1,0,0
5164,0,0,1,0,0
5165,0,0,1,0,0
5166,0,0,1,0,0
5167,0,0,1,0,0
5168,0,0,1,0,0
5169,0,0,1,0,0
5170,0,0,1,0,0
5171,0,0,1,0,0
5185,0,0,1,0,0
5186,0,0,1,0,0
5187,0,0,1,0,0
5188,0,0,1,0,0
5189,0,0,1,0,0
5190,0,0,1,0,0
5191,0,0,1,0,0
5192,0,0,1,0,0
5193,0,0,1,0,0
5197,0,0,1,0,0
5198,0,0,1,0,0
5199,0,0,1,0,0
5200,0,0,1,0,0
5201,0,0,1,0,0
5202,0,0,1,0,0
5203,0,0,1,0,0
5204,0,0,1,0,0
5205,0,0,1,0,0
5206,0,0,1,0,0
5207,0,0,1,0,0
5208,0,0,1,0,0
5209,0,0,1,0,0
5210,0,0,1,0,0
5211,0,0,1,0,0
5212,0,0,1,0,0
5213,0,0,1,0,0
5214,0,0,1,0,0
5215,0,0,1,0,0
5216,0,0,1,0,0
5217,0,0,1,0,0
5218,0,0,1,0,0
5219,0,0,1,0,0
5220,0,0,1,0,0
5221,0,0,1,0,0
5222,0,0,1,0,0
5223,0,0,1,0,0
5224,0,0,1,0,0
5225,0,0,1,0,0
5226,0,0,1,0,0
5227,0,0,1,0,0
5228,0,0,1,0,0
5229,0,0,1,0,0
5230,0,0,1,0,0
5231,0,0,1,0,0
5232,0,0,1,0,0
5233,0,0,1,0,0
5234,0,0,1,0,0
5235,0,0,1,0,0
5236,0,0,1,0,0
5237,0,0,1,0,0
5238,0,0,1,0,0
5239,0,0,1,0,0
5240,0,0,1,0,0
5241,0,0,1,0,0
5242,0,0,1,0,0
5243,0,0,1,0,0
5244,0,0,1,0,0
5245,1,0,1,0,3
5246,1,0,1,0,3
5247,1,0,1,0,3
5248,1,0,1,0,3
5249,1,0,1,0,3
5250,0,0,1,0,0
5251,1,0,1,0,3
5252,1,0,1,0,3
5253,1,0,1,0,3
5254,1,0,0,0,3
5255,1,0,0,0,3
5256,1,0,0,0,3
5257,1,0,0,0,3
5258,1,0,0,0,3
5259,1,0,0,0,3
5260,1,0,0,0,3
5261,1,0,0,0,3
5262,1,0,0,0,3
5263,1,0,0,0,3
5264,1,0,0,0,3
5265,1,0,0,0,3
5266,1,0,0,0,3
5275,0,0,1,0,0
5276,0,0,1,0,0
5277,0,0,1,0,0
5278,0,0,1,0,0
5279,0,0,1,0,0
5280,0,0,1,0,0
5281,0,0,1,0,0
5282,0,0,1,0,0
5283,0,0,1,0,0
5284,0,0,1,0,0
5285,0,0,1,0,0
5286,0,0,1,0,0
5287,0,0,1,0,0
5288,0,0,1,0,0
5289,0,0,1,0,0
5290,0,0,1,0,0
5291,0,0,1,0,0
5533,1,0,0,0,3
5534,1,0,0,0,3
5535,1,0,0,0,3
5536,1,0,0,0,3
5537,1,0,0,0,3
5538,1,0,0,0,3
5539,1,0,0,0,3
5540,1,0,0,0,3
5541,1,0,0,0,3
5542,1,0,0,0,3
5543,1,0,0,0,3
5551,1,0,0,0,3
5552,1,0,0,0,3
5553,1,0,0,0,3
5554,1,0,0,0,3
5555,1,0,0,0,3
5556,1,0,0,0,3
5557,1,0,0,0,3
5558,1,0,0,0,3
5559,1,0,0,0,3
5560,1,0,0,0,3
5561,1,0,0,0,3
5562,1,0,0,0,3
5563,1,0,0,0,3
5564,1,0,0,0,3
5565,1,0,0,0,3
5566,1,0,0,0,3
5567,1,0,0,0,3
5568,1,0,0,0,3
5569,1,0,0,0,3
5570,1,0,0,0,3
5571,1,0,0,0,3
5572,1,0,0,0,3
5577,1,0,0,0,3
5578,1,0,0,0,3
5579,1,0,0,0,3
5580,1,0,0,0,3
5581,1,0,0,0,3
5582,1,0,0,0,3
5583,1,0,0,0,3
5584,1,0,0,0,3
5585,1,0,0,0,3
5586,1,0,0,0,3
5587,1,0,0,0,3
5588,1,0,0,0,3
5589,1,0,0,0,3
5590,1,0,0,0,3
5591,1,0,0,0,3
5592,1,0,0,0,3
5593,1,0,0,0,3
5618,1,0,0,0,3
5619,1,0,0,0,3
5620,1,0,0,0,3
5621,1,0,0,0,3
5622,1,0,0,0,3
5623,1,0,0,0,3
5624,1,0,0,0,3
5625,1,0,0,0,3
5626,1,0,0,0,3
5627,1,0,0,0,3
5628,1,0,0,0,3
5629,1,0,0,0,3
5630,1,0,0,0,3
5631,1,0,0,0,3
5632,1,0,0,0,3
5649,1,0,0,0,3
5650,1,0,0,0,3
5651,1,0,0,0,3
5652,1,0,0,0,3
5653,1,0,0,0,3
5654,1,0,0,0,3
5655,1,0,0,0,3
5656,1,0,0,0,3
5657,1,0,0,0,3
5658,1,0,0,0,3
5659,1,0,0,0,3
5660,1,0,0,0,3
5661,1,0,0,0,3
5662,1,0,0,0,3
5663,1,0,0,0,3
5664,1,0,0,0,3
5665,1,0,0,0,3
5666,1,0,0,0,3
5667,1,0,0,0,3
5668,1,0,0,0,3
5669,1,0,0,0,3
5670,1,0,0,0,3
5671,1,0,0,0,3
5673,1,0,0,0,3
5674,1,0,0,0,3
5675,1,0,0,0,3
5676,1,0,0,0,3
5677,1,0,0,0,3
5678,1,0,0,0,3
5679,1,0,0,0,3
5680,1,0,0,0,3
5681,1,0,0,0,3
5682,1,0,0,0,3
5683,1,0,0,0,3
5684,1,0,0,0,3
5685,1,0,0,0,3
5686,1,0,0,0,3
5687,1,0,0,0,3
5688,1,0,0,0,3
5689,1,0,0,0,3
5690,1,0,0,0,3
5691,1,0,0,0,3
5692,1,0,0,0,3
5693,1,0,0,0,3
5694,1,0,0,0,3
5695,1,0,0,0,3
5698,1,0,0,0,3
5699,1,0,0,0,3
5700,1,0,0,0,3
5701,1,0,0,0,3
5702,1,0,0,0,3
5703,1,0,0,0,3
5706,1,0,0,0,3
5707,1,0,0,0,3
5708,1,0,0,0,3
5709,1,0,0,0,3
5712,1,0,0,0,3
5713,1,0,0,0,3
5714,1,0,0,0,3
5715,1,0,0,0,3
5716,1,0,0,0,3
5717,1,0,0,0,3
5718,1,0,0,0,3
5719,1,0,0,0,3
5720,1,0,0,0,3
5721,1,0,0,0,3
5722,1,0,0,0,3
5723,1,0,0,0,3
5724,1,0,0,0,3
5725,1,0,0,0,3
5726,1,0,0,0,3
5736,1,0,0,0,3
5737,1,0,0,0,3
5738,1,0,0,0,3
5739,1,0,0,0,3
5740,1,0,0,0,3
5741,1,0,0,0,3
5742,1,0,0,0,3
5743,1,0,0,0,3
5744,1,0,0,0,3
5745,1,0,0,0,3
5746,1,0,0,0,3
5747,1,0,0,0,3
5748,1,0,0,0,3
5749,1,0,0,0,3
5750,1,0,0,0,3
5751,1,0,0,0,3
5752,1,0,0,0,3
5753,1,0,0,0,3
5769,1,0,0,0,3
5770,1,0,0,0,3
5771,1,0,0,0,3
5772,1,0,0,0,3
5773,1,0,0,0,3
5774,1,0,0,0,3
5775,1,0,0,0,3
5776,1,0,0,0,3
5777,1,0,0,0,3
5778,1,0,0,0,3
5779,1,0,0,0,3
5780,1,0,0,0,3
5781,1,0,0,0,3
5782,1,0,0,0,3
5783,1,0,0,0,3
5784,1,0,0,0,3
5785,1,0,0,0,3
5786,1,0,0,0,3
5787,1,0,0,0,3
5788,1,0,0,0,3
5789,1,0,0,0,3
5790,1,0,0,0,3
5791,1,0,0,0,3
5792,1,0,0,0,3
5796,1,0,0,0,3
5797,1,0,0,0,3
5798,1,0,0,0,3
5804,0,0,0,1,2
5805,0,0,0,1,2
5806,0,0,0,1,2
5807,0,0,0,1,2
5808,0,0,0,1,2
5809,0,0,0,1,2
5810,0,0,0,1,2
5811,0,0,0,1,2
5812,0,0,0,1,2
5813,0,0,0,1,2
5832,0,0,1,0,0
5833,0,0,1,0,0
5834,0,0,1,0,0
5835,0,0,1,0,0
5836,0,0,1,0,0
5837,0,0,1,0,0
5838,0,0,1,0,0
5839,0,0,1,0,0
5840,0,0,1,0,0
5841,0,0,1,0,0
5842,0,0,1,0,0
5843,0,0,1,0,0
5844,0,0,1,0,0
5847,0,0,1,0,0
5848,0,0,1,0,0
5849,0,0,1,0,0
5850,0,0,1,0,0
5864,0,0,0,1,2
5868,0,0,0,1,2
5869,0,0,0,1,2
5870,0,0,0,1,2
5871,0,0,0,1,2
5872,0,0,0,1,2
5873,0,0,0,1,2
5874,0,0,0,1,2
5875,0,0,0,1,2
5876,0,0,0,1,2
5885,0,0,0,1,2
5886,0,0,0,1,2
5887,0,0,0,1,2
5888,0,0,0,1,2
5889,0,0,0,1,2
5890,0,0,0,1,2
5891,0,0,0,1,2
5892,0,0,0,1,2
5893,0,0,1,1,2
5894,0,0,1,0,0
5895,0,0,1,0,0
5896,0,0,1,0,0
5897,0,0,1,0,0
5898,0,0,1,0,0
5899,0,0,1,0,0
5900,0,0,1,0,0
5901,0,0,1,0,0
5902,0,0,1,0,0
5903,0,0,1,0,0
5904,0,0,1,0,0
5905,0,0,1,0,0
5906,0,0,1,0,0
5907,0,0,1,0,0
5910,1,0,0,0,3
5911,1,0,0,0,3
5912,1,0,0,0,3
5913,1,0,0,0,3
5914,1,0,0,0,3
5917,1,0,0,0,3
5918,1,0,0,0,3
5919,1,0,0,0,3
5920,1,0,0,0,3
5921,1,0,0,0,3
5927,0,0,1,0,0
5928,1,0,1,0,3
5929,0,0,1,0,0
5930,0,0,1,0,0
5931,0,0,1,0,0
5932,0,0,1,0,0
5933,0,0,1,0,0
5934,0,0,1,0,0
5935,0,0,1,0,0
5936,0,0,1,0,0
5937,0,0,1,0,0
5938,0,0,1,0,0
5939,0,0,1,0,0
5940,0,0,1,0,0
5941,0,0,1,0,0
5942,0,0,1,0,0
5943,0,0,1,0,0
5944,0,0,1,0,0
5945,0,0,1,0,0
5946,0,0,1,0,0
5947,0,0,1,0,0
5948,0,0,1,0,0
5949,0,0,1,0,0
5950,0,0,1,0,0
5951,0,0,1,0,0
5952,0,0,1,0,0
5953,0,0,1,0,0
5954,0,0,1,0,0
5955,0,0,1,0,0
5956,0,0,1,0,0
5957,0,0,1,0,0
5958,0,0,1,0,0
5959,1,0,1,0,3
5960,1,0,1,0,3
5961,1,0,0,0,3
5962,1,0,0,0,3
5963,1,0,0,0,3
5964,1,0,0,0,3
5965,1,0,0,0,3
5966,1,0,0,0,3
5967,1,0,0,0,3
5968,1,0,0,0,3
5969,1,0,0,0,3
5970,1,0,0,0,3
5971,1,0,0,0,3
5972,1,0,0,0,3
5973,1,0,0,0,3
5974,1,0,0,0,3
5975,1,0,0,0,3
5976,1,0,0,0,3
5977,1,0,0,0,3
5978,1,0,0,0,3
5979,1,0,0,0,3
5980,1,0,0,0,3
5981,1,0,0,0,3
5982,1,0,0,0,3
5983,1,0,0,0,3
5984,1,0,0,0,3
5985,1,0,0,0,3
5986,1,0,0,0,3
5987,1,0,0,0,3
5988,1,0,0,0,3
5989,1,0,0,0,3
5990,1,0,0,0,3
5991,1,0,0,0,3
5992,1,0,0,0,3
5993,1,0,0,0,3
5994,1,0,0,0,3
5995,1,0,0,0,3
5996,1,0,0,0,3
5997,1,0,0,0,3
5998,1,0,0,0,3
5999,1,0,0,0,3
6000,1,0,0,0,3
6001,1,0,0,0,3
6002,1,0,0,0,3
6003,1,0,0,0,3
6004,1,0,0,0,3
6017,1,0,0,0,3
6018,1,0,0,0,3
6019,1,0,0,0,3
6020,1,0,0,0,3
6021,1,0,0,0,3
6022,1,0,0,0,3
6025,1,0,0,0,3
6026,1,0,0,0,3
6027,1,0,0,0,3
6028,1,0,0,0,3
6061,0,0,0,1,2
6062,0,0,0,1,2
6063,0,0,0,1,2
6064,0,0,0,1,2
6065,0,0,0,1,2
6066,0,0,0,1,2
6067,0,0,0,1,2
6068,0,0,0,1,2
6069,0,0,0,1,2
6070,0,0,0,1,2
6073,0,0,0,1,2
6074,0,0,0,1,2
6075,0,0,0,1,2
6076,0,0,0,1,2
6077,0,0,0,1,2
6078,0,0,0,1,2
6079,0,0,0,1,2
6080,0,0,0,1,2
6081,0,0,0,1,2
6082,0,0,0,1,2
6083,0,0,0,1,2
6145,1,0,0,0,3
6146,1,0,0,0,3
6147,1,0,0,0,3
6148,1,0,0,0,3
6149,1,0,0,0,3
6150,1,0,0,0,3
6151,1,0,0,0,3
6152,1,0,0,0,3
6153,1,0,1,0,3
6154,1,0,1,0,3
6155,1,0,1,0,3
6156,1,0,1,0,3
6157,1,0,1,0,3
6158,1,0,1,0,3
6159,0,0,1,0,0
6160,0,0,1,0,0
6161,0,0,1,0,0
6162,0,0,1,0,0
6163,0,0,1,0,0
6164,0,0,1,0,0
6165,0,0,1,0,0
6166,0,0,1,0,0
6167,0,0,1,0,0
6168,0,0,1,0,0
6169,0,0,1,0,0
6170,0,0,1,0,0
6171,0,0,1,0,0
6172,0,0,1,0,0
6173,0,0,1,0,0
6174,0,0,1,0,0
6175,0,0,1,0,0
6176,0,0,1,0,0
6196,0,0,1,0,0
6197,0,0,1,0,0
6198,0,0,1,0,0
6199,0,0,1,0,0
6200,0,0,1,0,0
7037,0,0,1,0,0
7038,0,0,1,0,0
7039,0,0,1,0,0
7040,0,0,1,0,0
7041,0,0,1,0,0
7042,0,0,1,0,0
7043,0,0,1,0,0
7044,0,0,1,0,0
7045,0,0,1,0,0
7046,0,0,1,0,0
7047,0,0,1,0,0
7048,0,0,1,0,0
7049,0,0,1,0,0
7050,0,0,1,0,0
7051,0,0,1,0,0
7052,0,0,1,0,0
7053,0,0,1,0,0
7054,0,0,1,0,0
7055,0,0,1,0,0
7056,0,0,1,0,0
7057,0,0,1,0,0
7058,0,0,1,0,0
7059,0,0,1,0,0
7060,0,0,1,0,0
7061,0,0,1,0,0
7062,0,0,1,0,0
7063,0,0,1,0,0
7064,0,0,1,0,0
7074,0,0,1,0,0
7075,0,0,1,0,0
7076,0,0,1,0,0
7077,0,0,1,0,0
7078,0,0,1,0,0
7079,0,0,1,0,0
7080,0,0,1,0,0
7081,0,0,1,0,0
7082,0,0,1,0,0
7083,0,0,1,0,0
7084,0,0,1,0,0
7085,0,0,1,0,0
7086,0,0,1,0,0
7087,0,0,1,0,0
7088,0,0,1,0,0
7109,0,0,1,0,0
7110,0,0,1,0,0
7111,0,0,1,0,0
7112,0,0,1,0,0
7113,0,0,1,0,0
7114,0,0,1,0,0
7115,0,0,1,0,0
7116,0,0,1,0,0
7117,0,0,1,0,0
7118,0,0,1,0,0
7119,0,0,1,0,0
7120,0,0,1,0,0
7121,0,0,1,0,0
7122,0,0,1,0,0
7123,0,0,1,0,0
7124,0,0,1,0,0
7125,0,0,1,0,0
7126,0,0,1,0,0
7127,0,0,1,0,0
7128,0,0,1,0,0
7129,0,0,1,0,0
7130,0,0,1,0,0
7131,0,0,1,0,0
7141,0,0,1,0,0
7142,0,0,1,0,0
7143,0,0,1,0,0
7144,0,0,1,0,0
7145,0,0,1,0,0
7146,0,0,1,0,0
7147,0,0,1,0,0
7148,0,0,1,0,0
7149,0,0,1,0,0
7150,0,0,1,0,0
7151,0,0,1,0,0
7152,0,0,1,0,0
7153,0,0,1,0,0
7154,0,0,1,0,0
7155,0,0,1,0,0
7156,0,0,1,0,0
7157,0,0,1,0,0
7158,0,0,1,0,0
7159,0,0,1,0,0
7160,0,0,1,0,0
7161,0,0,1,0,0
7162,0,0,1,0,0
7163,0,0,1,0,0
7164,0,0,1,0,0
7165,0,0,1,0,0
7166,0,0,1,0,0
7167,0,0,1,0,0
7168,0,0,1,0,0
7169,0,0,1,0,0
7174,0,0,1,0,0
7195,0,0,1,0,0
7196,0,0,1,0,0
7197,0,0,1,0,0
7198,0,0,1,0,0
7199,0,0,1,0,0
7200,0,0,1,0,0
7201,0,0,1,0,0
7202,0,0,1,0,0
7203,0,0,1,0,0
7204,0,0,1,0,0
7205,0,0,1,0,0
7206,0,0,1,0,0
7207,0,0,1,0,0
7208,0,0,1,0,0
7209,0,0,1,0,0
7210,0,0,1,0,0
7211,0,0,1,0,0
7212,0,0,1,0,0
7213,0,0,1,0,0
7214,0,0,1,0,0
7215,0,0,1,0,0
7216,0,0,1,0,0
7217,0,0,1,0,0
7218,0,0,1,0,0
7219,0,0,1,0,0
7220,0,0,1,0,0
7221,0,0,1,0,0
7222,0,0,1,0,0
7223,0,0,1,0,0
7224,0,0,1,0,0
7225,0,0,1,0,0
7226,0,0,1,0,0
7227,0,0,1,0,0
7228,0,0,1,0,0
7229,0,0,1,0,0
7230,0,0,1,0,0
7231,0,0,1,0,0
7232,0,0,1,0,0
7233,0,0,1,0,0
7234,0,0,1,0,0
7235,0,0,1,0,0
7236,0,0,1,0,0
7237,0,0,1,0,0
7238,0,0,1,0,0
7239,0,0,1,0,0
7240,0,0,1,0,0
7241,0,0,1,0,0
7242,0,0,1,0,0
7243,0,0,1,0,0
7253,0,0,1,0,0
7254,0,0,1,0,0
7255,0,0,1,0,0
7256,0,0,1,0,0
7257,0,0,1,0,0
7258,0,0,1,0,0
7259,0,0,1,0,0
7260,0,0,1,0,0
7261,0,0,1,0,0
7262,0,0,1,0,0
7292,0,0,1,0,0
7293,0,0,1,0,0
7294,0,0,1,0,0
7295,0,0,1,0,0
7296,0,0,1,0,0
7297,0,0,1,0,0
7298,0,0,1,0,0
7299,0,0,1,0,0
7300,0,0,1,0,0
7301,0,0,1,0,0
7302,0,0,1,0,0
7303,0,0,1,0,0
7304,0,0,1,0,0
7305,0,0,1,0,0
7306,0,0,1,0,0
7307,0,0,1,0,0
7308,0,0,1,0,0
7309,0,0,1,0,0
7310,0,0,1,0,0
7311,0,0,1,0,0
7312,0,0,1,0,0
7313,0,0,1,0,0
7327,0,0,1,0,0
7328,0,0,1,0,0
7329,0,0,1,0,0
7330,0,0,1,0,0
7331,0,0,1,0,0
7332,0,0,1,0,0
7333,0,0,1,0,0
7334,0,0,1,0,0
7402,0,0,1,0,0
7403,0,0,1,0,0
7404,0,0,1,0,0
7405,0,0,1,0,0
7406,0,0,1,0,0
7407,0,0,1,0,0
7410,0,0,1,0,0
7411,0,0,1,0,0
7412,0,0,1,0,0
7413,0,0,1,0,0
7414,0,0,1,0,0
7415,0,0,1,0,0
7416,0,0,1,0,0
7417,0,0,1,0,0
7418,0,0,1,0,0
7419,0,0,1,0,0
7420,0,0,1,0,0
7421,0,0,1,0,0
7422,0,0,1,0,0
7423,0,0,1,0,0
7424,0,0,1,0,0
7425,0,0,1,0,0
7426,0,0,1,0,0
7427,0,0,1,0,0
7428,0,0,1,0,0
7429,0,0,1,0,0
7430,0,0,1,0,0
7431,0,0,1,0,0
7432,0,0,1,0,0
7433,0,0,1,0,0
7434,0,0,1,0,0
7435,0,0,1,0,0
7436,0,0,1,0,0
7437,0,0,1,0,0
7438,0,0,1,0,0
7439,0,0,1,0,0
7440,0,0,1,0,0
7441,0,0,1,0,0
7442,0,0,1,0,0
7443,0,0,1,0,0
7444,0,0,1,0,0
7445,0,0,1,0,0
7446,0,0,1,0,0
7447,0,0,1,0,0
7448,0,0,1,0,0
7449,0,0,1,0,0
7450,0,0,1,0,0
7451,0,0,1,0,0
7452,0,0,1,0,0
7453,0,0,1,0,0
7454,0,0,1,0,0
7455,0,0,1,0,0
7456,0,0,1,0,0
7457,0,0,1,0,0
7458,0,0,1,0,0
7459,0,0,1,0,0
7460,0,0,1,0,0
7461,0,0,1,0,0
7462,0,0,1,0,0
7463,0,0,1,0,0
7464,0,0,1,0,0
7465,0,0,1,0,0
7474,0,0,1,0,0
7475,0,0,1,0,0
7476,0,0,1,0,0
7477,0,0,1,0,0
7478,0,0,1,0,0
7479,0,0,1,0,0
7480,0,0,1,0,0
7481,0,0,1,0,0
7482,0,0,1,0,0
7483,0,0,1,0,0
7484,0,0,1,0,0
7485,0,0,1,0,0
7486,0,0,1,0,0
7487,0,0,1,0,0
7488,0,0,1,0,0
7489,0,0,1,0,0
7490,0,0,1,0,0
7491,0,0,1,0,0
7492,1,0,1,0,3
7493,1,0,1,0,3
7494,1,0,1,0,3
7495,1,0,1,0,3
7496,1,0,1,0,3
7497,1,0,0,0,3
7498,1,0,0,0,3
7499,1,0,0,0,3
7500,1,0,0,0,3
7501,1,0,0,0,3
7502,1,0,0,0,3
7503,1,0,0,0,3
7504,1,0,0,0,3
7505,1,0,0,0,3
7506,1,0,0,0,3
7507,1,0,0,0,3
7508,1,0,0,0,3
7509,1,0,0,0,3
7510,1,0,0,0,3
7511,1,0,0,0,3
7512,1,0,0,0,3
7513,1,0,0,0,3
7514,1,0,0,0,3
7515,1,0,0,0,3
7516,1,0,0,0,3
7517,1,0,0,0,3
7518,1,0,0,0,3
7519,1,0,0,0,3
7520,1,0,0,0,3
7521,1,0,0,0,3
7522,1,0,0,0,3
7523,1,0,0,0,3
7524,1,0,0,0,3
7525,1,0,0,0,3
7526,1,0,0,0,3
7527,1,0,0,0,3
7528,1,0,0,0,3
7529,1,0,0,0,3
7530,1,0,0,0,3
7533,1,0,0,0,3
7534,1,0,0,0,3
7535,1,0,0,0,3
7536,1,0,1,0,3
7537,1,0,1,0,3
7538,1,0,1,0,3
7539,1,0,1,0,3
7540,1,0,1,0,3
7541,1,0,1,0,3
7542,1,0,0,0,3
7543,1,0,0,0,3
7566,0,0,1,0,0
7574,0,0,1,0,0
7581,0,0,1,0,0
7582,0,0,1,0,0
7583,0,0,1,0,0
7584,0,0,1,0,0
7585,0,0,1,0,0
7586,0,0,1,0,0
7587,0,0,1,0,0
7588,0,0,1,0,0
7589,0,0,1,0,0
7590,0,0,1,0,0
7599,0,0,1,0,0
7600,0,0,1,0,0
7601,0,0,1,0,0
7602,0,0,1,0,0
7603,0,0,1,0,0
7604,0,1,1,0,1
7605,0,1,1,0,1
7606,0,1,1,0,1
7607,0,1,1,0,1
7608,0,1,1,0,1
7609,0,1,1,0,1
7610,0,1,0,0,1
7611,0,1,0,0,1
7612,0,1,1,0,1
7613,0,1,0,0,1
7633,0,0,1,0,0
7634,0,0,1,0,0
7635,0,1,1,0,1
7636,0,0,1,0,0
7637,0,0,1,0,0
7662,0,1,0,0,1
7663,0,1,0,0,1
7664,0,1,0,0,1
7665,0,1,0,0,1
7669,0,1,0,0,1
7748,0,1,0,0,1
7749,0,1,0,0,1
7750,0,1,0,0,1
7751,0,1,0,0,1
7754,0,1,0,0,1
7760,0,1,0,0,1
7761,0,1,0,0,1
7762,0,1,0,0,1
7763,0,1,0,0,1
7764,0,1,0,0,1
7765,0,1,0,0,1
7774,0,1,1,0,1
7775,0,0,1,0,0
7776,0,0,1,0,0
7777,0,0,1,0,0
7778,0,0,1,0,0
7779,0,0,1,0,0
7780,0,0,1,0,0
7781,0,0,1,0,0
7782,0,0,1,0,0
7783,0,0,1,0,0
7784,0,0,1,0,0
7785,0,0,1,0,0
7786,0,0,1,0,0
7787,0,0,1,0,0
7788,0,0,1,0,0
7789,0,0,1,0,0
7790,0,0,1,0,0
7791,0,0,1,0,0
7792,0,0,1,0,0
7793,0,0,1,0,0
7794,0,0,1,0,0
7795,0,0,1,0,0
7796,0,0,1,0,0
7797,0,0,1,0,0
7798,0,0,1,0,0
7799,0,0,1,0,0
7800,0,0,1,0,0
7801,0,0,1,0,0
7802,0,0,1,0,0
7803,0,0,1,0,0
7804,0,0,1,0,0
7805,0,0,1,0,0
7806,0,0,1,0,0
7807,0,0,1,0,0
7808,0,0,1,0,0
7809,0,0,1,0,0
7810,0,0,1,0,0
7811,0,0,1,0,0
7812,0,0,1,0,0
7813,0,0,1,0,0
7814,0,0,1,0,0
7815,0,0,1,0,0
7816,0,0,1,0,0
7817,0,0,1,0,0
7818,0,0,1,0,0
7824,0,0,1,0,0
7825,0,0,1,0,0
7826,0,0,1,0,0
7827,0,0,1,0,0
7828,0,0,1,0,0
7829,0,0,1,0,0
7830,0,0,1,0,0
7831,0,0,1,0,0
7832,0,0,1,0,0
7833,0,0,1,0,0
7834,0,0,1,0,0
7835,0,0,1,0,0
7836,0,0,1,0,0
7837,0,0,1,0,0
7838,0,0,1,0,0
7839,0,0,1,0,0
7840,0,0,1,0,0
7841,0,0,1,0,0
7842,0,0,1,0,0
7843,0,0,1,0,0
7844,0,0,1,0,0
7845,0,0,1,0,0
7846,0,0,1,0,0
7847,0,0,1,0,0
7848,0,0,1,0,0
7849,0,0,1,0,0
7850,0,0,1,0,0
7851,0,0,1,0,0
7852,0,0,1,0,0
7853,0,0,1,0,0
7854,0,0,1,0,0
7855,0,0,1,0,0
7856,0,0,1,0,0
7857,0,0,1,0,0
7858,0,0,1,0,0
7859,0,0,1,0,0
7860,0,0,1,0,0
7861,0,0,1,0,0
7862,0,0,1,0,0
7863,0,0,1,0,0
7864,0,0,1,0,0
7865,0,0,1,0,0
7866,0,0,1,0,0
7867,0,0,1,0,0
7868,0,0,1,0,0
7869,0,0,1,0,0
7870,0,0,1,0,0
7871,0,0,1,0,0
7872,0,0,1,0,0
7873,0,0,1,0,0
7874,0,0,1,0,0
7875,0,0,1,0,0
7876,0,0,1,0,0
7877,0,0,1,0,0
7878,0,0,1,0,0
7879,0,0,1,0,0
7880,0,0,1,0,0
7881,0,0,1,0,0
7882,0,0,1,0,0
7883,0,0,1,0,0
7884,0,0,1,0,0
7885,0,0,1,0,0
7886,0,0,1,0,0
7887,0,0,1,0,0
7888,0,0,1,0,0
7889,0,0,1,0,0
7890,0,0,1,0,0
7891,0,0,1,0,0
7892,0,0,1,0,0
7893,0,0,1,0,0
7894,0,0,1,0,0
7895,0,0,1,0,0
7896,0,0,1,0,0
7897,0,0,1,0,0
7898,0,0,1,0,0
7899,0,0,1,0,0
7900,0,0,1,0,0
7901,0,0,1,0,0
7902,0,0,1,0,0
7903,0,0,1,0,0
7904,0,0,1,0,0
7905,0,0,1,0,0
7906,0,0,1,0,0
7907,0,0,1,0,0
7908,0,0,1,0,0
7909,0,0,1,0,0
7910,0,0,1,0,0
7911,0,0,1,0,0
7912,0,0,1,0,0
7913,0,0,1,0,0
7914,0,0,1,0,0
7915,0,0,1,0,0
7916,0,0,1,0,0
7917,0,0,1,0,0
7918,0,0,1,0,0
7919,0,0,1,0,0
7920,0,0,1,0,0
7921,0,0,1,0,0
7922,0,0,1,0,0
7923,0,0,1,0,0
7924,0,0,1,0,0
7925,0,0,1,0,0
7926,0,0,1,0,0
7927,0,0,1,0,0
7928,0,0,1,0,0
7929,0,0,1,0,0
7930,0,0,1,0,0
7931,0,0,1,0,0
7932,0,0,1,0,0
7933,0,0,1,0,0
7934,0,0,1,0,0
7935,0,0,1,0,0
7936,0,0,1,0,0
7937,0,0,1,0,0
7938,0,0,1,0,0
7939,0,0,1,0,0
7940,0,0,1,0,0
7941,0,0,1,0,0
7942,0,0,1,0,0
7943,0,0,1,0,0
7944,0,0,1,0,0
7945,0,0,1,0,0
7946,0,0,1,0,0
7947,0,0,1,0,0
7948,0,0,1,0,0
7949,0,0,1,0,0
7954,0,0,1,0,0
7955,0,0,1,0,0
7956,0,0,1,0,0
7957,0,0,1,0,0
7958,0,0,1,0,0
7959,0,0,1,0,0
7960,0,0,1,0,0
7961,0,0,1,0,0
7962,0,0,1,0,0
7963,0,0,1,0,0
7964,0,0,1,0,0
7965,0,0,1,0,0
7966,0,0,1,0,0
7967,0,0,1,0,0
7968,0,0,1,0,0
7969,0,0,1,0,0
7970,0,0,1,0,0
7971,0,0,1,0,0
7972,0,0,1,0,0
7973,0,0,1,0,0
7974,0,0,1,0,0
7975,0,0,1,0,0
7976,0,0,1,0,0
7977,0,0,1,0,0
7978,0,0,1,0,0
7979,0,0,1,0,0
7980,0,0,1,0,0
7981,0,0,1,0,0
7982,0,0,1,0,0
7985,0,0,1,0,0
7990,0,0,1,0,0
8073,0,0,1,0,0
8085,0,0,1,0,0
8086,0,0,1,0,0
8087,0,0,1,0,0
8090,0,0,1,0,0
8091,0,0,1,0,0
8092,0,0,1,0,0
8093,0,0,1,0,0
8094,0,0,1,0,0
8095,0,0,1,0,0
8105,0,0,1,0,0
8106,0,0,1,0,0
8107,0,0,1,0,0
8108,0,0,1,0,0
8109,0,0,1,0,0
8110,0,0,1,0,0
8111,0,0,1,0,0
8112,0,0,1,0,0
8113,0,0,1,0,0
8123,0,1,0,0,1
8124,0,1,0,0,1
8125,0,1,0,0,1
8126,0,1,0,0,1
8127,0,1,0,0,1
8128,0,1,0,0,1
8129,0,1,0,0,1
8138,0,1,0,0,1
8139,0,1,0,0,1
8140,0,1,0,0,1
8141,0,1,0,0,1
8154,0,1,0,0,1
8155,0,1,0,0,1
8156,0,1,0,0,1
8157,0,1,0,0,1
8158,0,1,0,0,1
8159,0,1,0,0,1
8162,0,1,0,0,1
8163,0,1,0,0,1
8164,0,1,0,0,1
8165,0,1,0,0,1
8166,0,1,0,0,1
8167,0,1,0,0,1
8168,0,1,0,0,1
8169,0,1,0,0,1
8170,0,1,0,0,1
8171,0,1,0,0,1
8172,0,1,0,0,1
8253,0,0,0,1,2
8254,0,0,0,1,2
8255,0,0,0,1,2
8256,0,0,0,1,2
8257,0,0,0,1,2
11671,1,0,0,0,3
11672,1,0,0,0,3
11673,1,0,0,0,3
11674,1,0,0,0,3
11675,1,0,0,0,3
11676,1,0,0,0,3
11677,1,0,0,0,3
11678,1,0,0,0,3
11679,1,0,0,0,3
11680,1,0,0,0,3
11681,1,0,0,0,3
11682,1,0,0,0,3
11683,1,0,0,0,3
12215,0,0,1,0,0
12216,0,0,1,0,0
12217,0,0,1,0,0
12218,0,0,1,0,0
12219,0,0,1,0,0
12220,0,0,1,0,0
12221,0,0,1,0,0
12222,0,0,1,0,0
12223,0,0,1,0,0
12224,0,0,1,0,0
12233,0,0,1,0,0
12234,0,0,1,0,0
12235,0,0,1,0,0
12236,0,0,1,0,0
12237,0,0,1,0,0
12238,0,0,1,0,0
12239,0,0,1,0,0
12240,0,0,1,0,0
12241,0,0,1,0,0
12242,0,0,1,0,0
12277,0,0,1,0,0
12278,0,0,1,0,0
12279,0,0,1,0,0
12280,0,0,1,0,0
12281,0,0,1,0,0
12282,0,0,1,0,0
12283,0,0,1,0,0
12284,0,0,1,0,0
12285,0,0,1,0,0
12286,0,0,1,0,0
12287,0,0,1,0,0
12288,0,0,1,0,0
12289,0,0,1,0,0
12290,0,0,1,0,0
12291,0,0,1,0,0
12292,0,0,1,0,0
12293,0,0,1,0,0
12294,0,0,1,0,0
12295,0,0,1,0,0
12296,0,0,1,0,0
12297,0,0,1,0,0
12298,0,0,1,0,0
12299,0,0,1,0,0
12300,0,0,1,0,0
12301,0,0,1,0,0
12302,0,0,1,0,0
12303,0,0,1,0,0
12304,0,0,1,0,0
12305,0,0,1,0,0
12306,0,0,1,0,0
12307,0,0,1,0,0
12308,0,0,1,0,0
12309,0,0,1,0,0
12310,0,0,1,0,0
12311,0,0,1,0,0
12312,0,0,1,0,0
12313,0,0,1,0,0
12314,0,0,1,0,0
12315,0,0,1,0,0
12316,0,0,1,0,0
12317,0,0,1,0,0
12343,0,0,1,0,0
12344,0,0,1,0,0
12345,0,0,1,0,0
12346,0,0,1,0,0
12357,0,0,1,0,0
12358,0,0,1,0,0
12359,0,0,1,0,0
12360,0,0,1,0,0
12361,0,0,1,0,0
12362,0,0,1,0,0
12363,0,0,1,0,0
12364,0,0,1,0,0
12365,0,0,1,0,0
12366,0,0,1,0,0
12367,0,0,1,0,0
12368,0,0,1,0,0
12369,0,0,1,0,0
12408,0,0,0,1,2
12409,0,0,0,1,2
12410,0,0,0,1,2
12411,0,0,0,1,2
12412,0,0,0,1,2
12413,0,0,0,1,2
12414,0,0,0,1,2
12415,0,0,0,1,2
12416,0,0,0,1,2
12417,0,0,0,1,2
12418,0,0,0,1,2
12419,0,0,0,1,2
12424,0,0,0,1,2
12425,0,0,0,1,2
12426,0,0,0,1,2
12427,0,0,0,1,2
12428,0,0,0,1,2
12429,0,0,0,1,2
12430,0,0,0,1,2
12431,0,0,0,1,2
12432,0,0,0,1,2
12433,0,0,0,1,2
12456,0,0,0,1,2
12457,0,0,0,1,2
12458,0,0,0,1,2
12459,0,0,0,1,2
12460,0,0,0,1,2
12461,0,0,0,1,2
12462,0,0,0,1,2
12463,0,0,0,1,2
12464,0,0,0,1,2
12465,0,0,0,1,2
12489,0,0,0,1,2
12490,0,0,0,1,2
12491,0,0,0,1,2
12492,0,0,0,1,2
12493,0,0,0,1,2
12494,0,0,0,1,2
12564,0,0,0,1,2
12565,0,0,0,1,2
12566,0,0,0,1,2
12567,0,0,0,1,2
12568,0,0,0,1,2
12569,0,0,0,1,2
14001,1,0,0,0,3
14002,1,0,0,0,3
14003,1,0,0,0,3
14004,1,0,0,0,3
14005,1,0,0,0,3
14006,1,0,0,0,3
14007,1,0,0,0,3
14008,1,0,0,0,3
14015,1,0,0,0,3
14016,1,0,0,0,3
14017,1,0,0,0,3
14250,1,0,0,0,3
14251,1,0,0,0,3
14252,1,0,0,0,3
14253,1,0,0,0,3
14266,1,0,0,0,3
14267,1,0,0,0,3
14268,1,0,0,0,3
14269,1,0,0,0,3
14270,1,0,0,0,3
14271,1,0,0,0,3
14272,1,0,0,0,3
14273,1,0,0,0,3
14274,1,0,0,0,3
14275,1,0,0,0,3
14276,1,0,0,0,3
14277,1,0,0,0,3
14278,1,0,0,0,3
14279,1,0,0,0,3
14280,1,0,0,0,3
14281,1,0,0,0,3
14282,1,0,0,0,3
14285,1,0,0,0,3
14289,1,0,0,0,3
14293,1,0,0,0,3
14294,1,0,0,0,3
14295,1,0,0,0,3
14296,1,0,0,0,3
14297,1,0,0,0,3
14298,1,0,0,0,3
14299,1,0,0,0,3
14300,1,0,0,0,3
14301,1,0,0,0,3
14302,1,0,0,0,3
14303,1,0,0,0,3
14304,1,0,0,0,3
14305,1,0,0,0,3
14306,1,0,0,0,3
14307,1,0,0,0,3
14308,1,0,0,0,3
14311,1,0,0,0,3
14312,1,0,0,0,3
14313,1,0,0,0,3
14314,1,0,0,0,3
14315,1,0,0,0,3
14316,1,0,0,0,3
14317,1,0,0,0,3
14318,1,0,0,0,3
14319,1,0,0,0,3
14320,1,0,0,0,3
14321,1,0,0,0,3
14322,1,0,0,0,3
14323,1,0,0,0,3
14324,1,0,0,0,3
14325,1,0,0,0,3
14326,1,0,0,0,3
14327,1,0,0,0,3
14328,1,0,0,0,3
14329,1,0,0,0,3
14365,0,0,1,0,0
14366,0,0,1,0,0
14367,0,0,1,0,0
14368,0,0,1,0,0
14369,0,0,1,0,0
14370,0,0,1,0,0
14371,0,0,1,0,0
14372,0,0,1,0,0
14373,0,0,1,0,0
14374,0,0,1,0,0
14375,0,0,1,0,0
14376,0,0,1,0,0
14377,0,0,1,0,0
14378,0,0,1,0,0
14379,0,0,1,0,0
14380,0,0,1,0,0
14381,0,0,1,0,0
14382,0,0,1,0,0
14383,0,0,1,0,0
14384,0,0,1,0,0
14385,0,0,1,0,0
16537,0,0,1,0,0
16538,0,0,1,0,0
16539,0,0,1,0,0
16540,0,0,1,0,0
16541,0,0,1,0,0
16542,0,0,1,0,0
16543,0,0,1,0,0
16544,0,0,1,0,0
16545,0,0,1,0,0
16546,0,0,1,0,0
16547,0,0,1,0,0
16548,0,0,1,0,0
16549,0,0,1,0,0
16550,0,0,1,0,0
16551,0,0,1,0,0
16552,0,0,1,0,0
16553,0,0,1,0,0
16554,0,0,1,0,0
16555,0,0,1,0,0
16556,0,0,1,0,0
16557,0,0,1,0,0
16558,0,0,1,0,0
16559,0,0,1,0,0
16560,0,0,1,0,0
16561,0,0,1,0,0
16562,0,0,1,0,0
16563,0,0,1,0,0
16564,0,0,1,0,0
16565,0,0,1,0,0
16566,0,0,1,0,0
16567,0,0,1,0,0
16597,0,0,1,0,0
16598,0,0,1,0,0
16599,0,0,1,0,0
16600,0,0,1,0,0
16601,0,0,1,0,0
16602,0,0,1,0,0
16603,0,0,1,0,0
16604,0,0,1,0,0
16605,0,0,1,0,0
16606,0,0,1,0,0
16607,0,0,1,0,0
16608,0,0,1,0,0
16609,0,0,1,0,0
16610,0,0,1,0,0
16611,0,0,1,0,0
16612,0,0,1,0,0
16613,0,0,1,0,0
16614,0,0,1,0,0
16615,0,0,1,0,0
16616,0,0,1,0,0
16617,0,0,1,0,0
16618,0,0,1,0,0
16619,0,0,1,0,0
16620,0,0,1,0,0
16621,0,0,1,0,0
16622,0,0,1,0,0
16623,0,0,1,0,0
16624,0,0,1,0,0
16625,0,0,1,0,0
16626,0,0,1,0,0
16627,0,0,1,0,0
16628,0,0,1,0,0
16629,0,1,1,0,1
16630,0,1,0,0,1
16631,0,1,0,0,1
16632,0,1,0,0,1
16635,0,1,0,1,2
16636,0,1,0,1,2
16637,0,1,0,1,2
16638,0,1,0,1,2
16646,0,1,0,1,2
16647,0,1,0,1,2
16648,0,1,0,1,2
16649,0,1,0,1,2
16650,0,1,0,1,2
16651,0,1,0,1,2
16652,0,1,0,0,1
16653,0,1,0,0,1
16654,0,1,0,0,1
16655,0,1,0,1,2
16656,0,1,0,1,2
16657,0,1,0,1,2
16658,0,0,0,1,2
16742,0,1,0,0,1
16743,0,1,0,0,1
16744,0,1,0,0,1
16745,0,1,0,0,1
16746,0,1,0,0,1
16747,0,1,0,0,1
16754,0,1,0,0,1
16755,0,1,0,0,1
16756,0,1,0,0,1
16757,0,1,0,0,1
16758,0,1,0,0,1
16759,0,1,0,0,1
16811,0,0,0,1,2
17321,0,0,1,0,0
17324,0,0,1,0,0
17325,0,0,1,0,0
17326,0,0,1,0,0
17327,0,0,1,0,0
17328,0,0,1,0,0
17329,0,0,1,0,0
17330,0,0,1,0,0
17331,0,0,1,0,0
17332,0,0,1,0,0
17333,0,0,1,0,0
17334,0,0,1,0,0
17335,0,0,1,0,0
17336,0,0,1,0,0
17337,0,0,1,0,0
17346,0,0,1,0,0
17347,0,0,1,0,0
17348,0,0,1,0,0
17349,0,0,1,0,0
17350,0,0,1,0,0
17351,0,0,1,0,0
17352,0,0,1,0,0
17353,0,0,1,0,0
17354,0,0,1,0,0
17355,0,0,1,0,0
17356,0,0,1,0,0
17357,0,0,1,0,0
17358,0,0,1,0,0
17359,0,0,1,0,0
17360,0,0,1,0,0
17361,0,0,1,0,0
17394,0,0,1,0,0
17395,0,0,1,0,0
17396,0,0,1,0,0
17397,0,0,1,0,0
17398,0,0,1,0,0
17399,0,0,1,0,0
17400,0,0,1,0,0
17401,0,0,1,0,0
17402,0,0,1,0,0
17403,0,0,1,0,0
17404,0,0,1,0,0
17405,0,0,1,0,0
17406,0,0,1,0,0
17407,0,0,1,0,0
17408,0,0,1,0,0
17409,0,0,1,0,0
17410,0,0,1,0,0
17411,0,0,1,0,0
17412,0,0,1,0,0
17413,0,0,1,0,0
17414,0,0,1,0,0
17415,0,0,1,0,0
17416,0,0,1,0,0
17417,0,0,1,0,0
17418,0,0,1,0,0
17436,0,0,1,0,0
17437,0,0,1,0,0
17438,0,0,1,0,0
17439,0,0,1,0,0
17440,0,0,1,0,0
17441,0,0,1,0,0
17442,0,0,1,0,0
17443,0,0,1,0,0
17444,0,0,1,0,0
17445,0,0,1,0,0
17450,1,0,0,0,3
17451,1,0,0,0,3
17452,1,0,0,0,3
17453,1,0,0,0,3
17456,0,0,1,0,0
17457,0,0,1,0,0
17458,0,0,1,0,0
17459,0,0,1,0,0
17460,0,0,1,0,0
17461,0,0,1,0,0
17463,1,0,0,0,3
17464,1,0,0,0,3
17465,1,0,0,0,3
17466,1,0,0,0,3
17467,1,0,0,0,3
17468,1,0,0,0,3
17507,1,0,0,0,3
17508,0,0,1,0,0
17509,0,0,1,0,0
17510,0,0,1,0,0
17511,1,0,1,0,3
17512,1,0,1,0,3
17513,1,0,1,0,3
17514,1,0,1,0,3
17515,1,0,1,0,3
17516,1,0,1,0,3
17517,1,0,1,0,3
17518,1,0,1,0,3
17519,1,0,1,0,3
17520,1,0,1,0,3
17521,0,0,1,0,0
17524,0,0,0,1,2
17525,0,0,0,1,2
17526,0,0,0,1,2
17527,0,0,0,1,2
17528,0,0,0,1,2
17529,0,0,0,1,2
17530,0,0,0,1,2
17577,0,1,0,0,1
17578,0,1,0,0,1
17579,0,1,0,0,1
17580,0,1,0,0,1
17582,0,1,0,0,1
17583,0,1,0,0,1
17584,0,1,0,0,1
17585,0,1,0,0,1
17588,0,1,0,0,1
17589,0,1,0,0,1
17590,0,1,0,1,2
17591,0,1,0,0,1
17593,0,1,0,1,2
17594,0,1,0,1,2
17595,0,1,0,1,2
17596,0,1,0,1,2
17597,0,1,0,1,2
17598,0,1,0,1,2
17599,0,1,0,1,2
17602,0,1,0,1,2
17603,0,1,0,1,2
17604,0,1,0,1,2
17605,0,1,0,1,2
17606,0,1,0,1,2
17607,0,1,0,1,2
17608,0,1,0,1,2
17609,0,1,0,1,2
17610,0,1,0,1,2
17611,0,1,0,1,2
17612,0,1,0,1,2
17614,0,1,0,1,2
17615,0,1,0,1,2
17616,0,1,0,1,2
17617,0,1,0,1,2
17621,0,1,0,1,2
17622,0,1,0,1,2
17623,0,1,0,1,2
17624,0,1,0,1,2
17625,0,1,0,1,2
17626,0,1,0,1,2
17627,0,1,0,1,2
17628,0,1,0,1,2
17632,0,0,0,1,2
17634,0,1,0,0,1
17635,0,1,0,0,1
17636,0,1,0,0,1
17649,0,0,0,1,2
17655,0,1,0,0,1
17710,0,0,0,1,2
17718,0,1,0,0,1
17743,0,1,0,0,1
17748,0,1,0,0,1
17755,0,1,0,0,1
17756,0,1,0,0,1
17757,0,1,0,0,1
17758,0,1,0,0,1
17759,0,1,0,0,1
17760,0,1,0,0,1
17761,0,1,0,0,1
17762,0,1,0,0,1
17763,0,1,0,0,1
17764,0,1,0,0,1
17765,0,1,0,0,1
17766,0,1,0,0,1
17767,0,1,0,0,1
17768,0,1,0,0,1
17769,0,1,0,0,1
17771,0,0,0,1,2
17772,0,1,0,0,1
17773,0,1,0,0,1
17774,0,1,0,0,1
17775,0,1,0,0,1
17776,0,1,0,0,1
17777,0,1,0,0,1
17778,0,1,0,0,1
17781,0,0,0,1,2
17782,0,0,0,1,2
17783,0,0,0,1,2
17784,0,0,0,1,2
17785,0,0,0,1,2
17787,0,0,0,1,2
17788,0,0,0,1,2
17789,0,0,0,1,2
17790,0,0,0,1,2
17791,0,0,0,1,2
17792,0,0,0,1,2
17793,0,0,0,1,2
17794,0,1,0,1,2
17795,0,1,0,1,2
17796,0,1,0,0,1
17797,0,1,0,0,1
17798,0,1,0,0,1
17799,0,1,0,0,1
17800,0,1,0,0,1
17801,0,1,0,0,1
17802,0,1,0,0,1
17823,0,1,0,0,1
17824,0,1,0,0,1
17825,0,1,0,0,1
17834,0,1,0,0,1
17835,0,1,0,0,1
17836,0,1,0,0,1
17837,0,1,0,0,1
17838,0,1,0,0,1
17839,0,1,0,0,1
17840,0,1,0,0,1
17841,0,1,0,0,1
17842,0,1,0,0,1
17843,0,1,0,0,1
17844,0,1,0,0,1
17845,0,1,0,0,1
17846,0,1,0,0,1
17847,0,1,0,0,1
17848,0,1,0,0,1
17850,0,1,0,0,1
17851,0,1,0,0,1
17852,0,1,0,0,1
17853,0,1,0,0,1
17854,0,1,0,0,1
17855,0,1,0,0,1
17856,0,1,0,0,1
17857,0,1,0,0,1
17858,0,1,0,0,1
17859,0,1,0,0,1
17860,0,1,0,0,1
17861,0,1,0,0,1
17862,0,1,0,0,1
17863,0,1,0,0,1
17864,0,1,0,0,1
17865,0,1,0,0,1
17866,0,1,0,0,1
17867,0,1,0,0,1
17868,0,1,0,0,1
17869,0,1,0,0,1
17870,0,1,0,0,1
17871,0,1,0,0,1
17872,0,1,0,0,1
17873,0,1,0,0,1
17874,0,1,0,0,1
17875,0,1,0,0,1
17876,0,1,0,0,1
17877,0,1,0,0,1
17878,0,1,0,0,1
17879,0,1,0,0,1
17880,0,1,0,0,1
17881,0,1,0,0,1
17882,0,1,0,0,1
17883,0,1,0,0,1
17884,0,1,0,0,1
17885,0,1,0,0,1
17886,0,1,0,0,1
17887,0,1,0,0,1
17888,0,1,0,0,1
17889,0,1,0,0,1
17890,0,1,0,0,1
17891,0,1,0,0,1
17892,0,1,0,0,1
17893,0,1,0,0,1
17894,0,1,0,0,1
17895,0,1,0,0,1
17896,0,1,0,0,1
17897,0,1,0,0,1
17898,0,1,0,0,1
17899,0,1,0,0,1
17900,0,1,0,0,1
17901,0,1,0,0,1
17902,0,1,0,0,1
17903,0,1,0,0,1
17904,0,1,0,0,1
17905,0,1,0,0,1
17906,0,1,0,0,1
17907,0,1,0,0,1
17908,0,1,0,0,1
17909,0,1,0,0,1
17910,0,1,0,0,1
17911,0,1,0,0,1
17912,0,1,0,0,1
17913,0,1,0,0,1
17914,0,1,0,0,1
17915,0,1,0,0,1
17916,0,1,0,0,1
17917,0,1,0,0,1
17918,0,1,0,0,1
17919,0,1,0,0,1
17920,0,1,0,0,1
17921,0,1,0,0,1
17922,0,1,0,0,1
17923,0,1,0,0,1
17936,0,1,0,0,1
17937,0,1,0,0,1
17938,0,1,0,0,1
17939,0,1,0,0,1
17940,0,1,0,0,1
17941,0,1,0,0,1
17942,0,1,0,0,1
17943,0,1,0,0,1
17944,0,1,0,0,1
17945,0,1,0,0,1
17946,0,1,0,0,1
17981,0,1,0,0,1
17982,0,1,0,0,1
17983,0,1,0,0,1
17984,0,1,0,0,1
17989,0,1,0,0,1
17993,0,1,0,0,1
17994,0,1,0,0,1
17995,0,1,0,0,1
17996,0,1,0,0,1
18000,0,1,0,0,1
18001,0,1,0,0,1
18002,0,1,0,0,1
18003,0,1,0,0,1
18005,0,1,0,0,1
18006,0,1,0,0,1
18007,0,1,0,0,1
18008,0,1,0,0,1
18014,0,1,0,0,1
18524,0,1,0,0,1
18525,0,1,0,0,1
18526,0,1,0,0,1
18527,0,1,0,0,1
18528,0,1,0,0,1
18531,0,0,0,1,2
18532,0,1,0,1,2
18533,0,1,0,1,2
18534,0,1,0,1,2
18535,0,1,0,1,2
18536,0,0,0,1,2
18537,0,0,0,1,2
18548,0,0,0,1,2
18549,0,0,0,1,2
18550,0,0,0,1,2
18551,0,0,0,1,2
18552,0,0,0,1,2
18554,0,0,0,1,2
18555,0,1,0,1,2
18556,0,0,0,1,2
18557,0,0,0,1,2
18558,0,0,0,1,2
18559,0,0,0,1,2
18560,0,1,0,1,2
18561,0,0,0,1,2
18562,0,0,0,1,2
18563,0,0,0,1,2
18564,0,0,0,1,2
18576,0,1,0,0,1
18577,0,1,0,0,1
18578,0,1,0,0,1
18579,0,1,0,0,1
18580,0,1,0,0,1
18581,0,1,0,0,1
18749,0,0,1,0,0
18750,0,0,1,0,0
18751,0,0,1,0,0
18752,0,0,1,0,0
18753,0,0,1,0,0
18754,0,0,1,0,0
18755,0,0,1,0,0
18756,0,0,1,0,0
18757,0,0,1,0,0
18762,0,0,1,0,0
18783,0,0,0,1,2
18784,0,0,0,1,2
18785,0,0,0,1,2
18786,0,0,0,1,2
18870,0,0,0,1,2
19016,0,0,1,0,0
19021,0,0,1,0,0
19022,0,0,1,0,0
19023,0,0,1,0,0
19024,0,0,1,0,0
19025,0,0,1,0,0
19026,0,0,1,0,0
19027,0,0,1,0,0
19028,0,0,1,0,0
19033,0,0,1,0,0
19034,0,0,1,0,0
19035,0,0,1,0,0
19036,0,0,1,0,0
19037,0,0,1,0,0
19040,0,0,1,0,0
19041,0,0,1,0,0
19042,0,0,1,0,0
19043,0,0,1,0,0
19047,0,0,1,0,0
