,lever,ball,door,stick
325,0,0,1,0
988,0,0,2,0
989,0,0,3,0
990,0,0,4,0
991,0,0,5,0
992,0,0,6,0
993,0,0,7,0
994,0,0,8,0
995,0,0,9,0
996,0,0,10,0
997,0,0,11,0
998,0,0,12,0
999,0,0,13,0
1000,0,0,14,0
1001,0,0,15,0
1002,0,0,16,0
1003,0,0,17,0
1004,0,0,18,0
1005,0,0,19,0
1006,0,0,20,0
1007,0,0,21,0
1008,0,0,22,0
1009,0,0,23,0
1010,0,0,24,0
1347,0,0,25,0
1348,0,0,26,0
1349,0,0,27,0
1350,0,0,28,0
1351,0,0,29,0
1352,0,0,30,0
1353,0,0,31,0
1354,0,0,32,0
1355,0,0,33,0
1356,0,0,34,0
1357,0,0,35,0
1358,0,0,36,0
1374,0,0,37,0
1375,0,0,38,0
1376,0,0,39,0
1377,0,0,40,0
1385,0,0,41,0
1386,0,0,42,0
1387,0,0,43,0
1388,0,0,44,0
1389,0,0,45,0
1390,0,0,46,0
1391,0,0,47,0
1392,0,0,48,0
1393,0,0,49,0
1394,0,0,50,0
1403,0,0,51,0
1404,0,0,52,0
1405,0,0,53,0
1406,0,0,54,0
1407,0,1,55,0
1408,0,2,55,0
1409,0,3,55,0
1410,0,4,55,0
1411,0,5,55,0
1412,0,6,55,0
1413,0,7,55,0
1414,0,8,55,0
1415,0,9,55,0
1416,0,10,55,0
1417,0,11,55,0
1418,0,12,55,0
1419,0,13,55,0
1420,0,14,55,0
1421,0,15,55,0
1422,0,16,55,0
1423,0,17,55,0
1424,0,18,55,0
1425,0,19,55,0
1457,0,20,55,0
1458,0,21,55,0
1459,0,22,55,0
1460,0,23,55,0
1461,0,24,55,0
1462,0,25,55,0
1463,0,26,55,0
1464,0,27,55,0
1465,0,28,55,0
1473,0,29,55,0
1998,1,29,55,0
1999,2,29,55,0
2000,3,29,55,0
2001,4,29,55,0
2002,5,29,55,0
2003,6,29,55,0
2004,7,29,55,0
2005,8,29,55,0
2006,9,29,55,0
2007,10,29,55,0
2008,11,29,55,0
2009,12,29,55,0
2010,13,29,55,0
2011,14,29,55,0
2013,15,29,55,0
2014,16,29,55,0
2015,17,29,55,0
2016,18,29,55,0
2017,19,29,55,0
2018,20,29,55,0
2019,21,29,55,0
2020,22,29,55,0
2022,23,29,55,0
2023,24,29,55,0
2024,25,29,55,0
2025,26,29,55,0
2026,27,29,55,0
2027,28,29,55,0
2028,29,29,55,0
2163,29,29,56,0
2164,29,29,57,0
2165,29,29,58,0
2166,29,29,59,0
2167,29,29,60,0
2168,29,29,61,0
2169,29,29,62,0
2170,29,29,63,0
2171,29,29,64,0
2172,29,29,65,0
2173,29,29,66,0
2174,29,29,67,0
2175,29,29,68,0
2176,29,29,69,0
2177,29,29,70,0
2178,29,29,71,0
2179,29,29,72,0
2189,29,29,73,0
2190,29,29,74,0
2191,29,29,75,0
2192,29,29,76,0
2193,29,29,77,0
2194,29,29,78,0
2195,29,29,79,0
2196,29,29,80,0
2197,29,29,81,0
2241,29,29,82,0
2242,29,29,83,0
2243,29,29,84,0
2244,29,29,85,0
2245,29,29,86,0
2246,29,29,87,0
2247,29,29,88,0
2248,29,29,89,0
2249,29,29,90,0
2250,29,29,91,0
2251,29,29,92,0
2252,29,29,93,0
2253,29,29,94,0
2254,29,29,95,0
2255,29,29,96,0
2256,29,29,97,0
2257,29,29,98,0
2258,29,29,99,0
2259,29,29,100,0
2260,29,29,101,0
2261,29,29,102,0
2262,29,29,103,0
2263,29,29,104,0
2264,29,29,105,0
2265,29,29,106,0
2266,29,29,107,0
2267,29,29,108,0
2268,29,29,109,0
2269,29,29,110,0
2270,29,29,111,0
2271,29,29,112,0
2272,29,29,113,0
2273,29,29,114,0
2274,29,29,115,0
2275,29,29,116,0
2276,29,29,117,0
2277,29,29,118,0
2278,29,29,119,0
2279,29,29,120,0
2280,29,29,121,0
2281,29,29,122,0
2282,29,29,123,0
2283,29,29,124,0
2284,29,29,125,0
2285,29,29,126,0
2286,29,29,127,0
2287,29,29,128,0
2288,29,29,129,0
2289,29,29,130,0
2290,29,29,131,0
2291,29,29,132,0
2292,29,29,133,0
2293,29,29,134,0
2294,29,29,135,0
2295,29,29,136,0
2296,29,29,137,0
2297,29,29,138,0
2298,29,29,139,0
2299,29,29,140,0
2300,29,29,141,0
2301,29,29,142,0
2302,29,29,143,0
2303,29,29,144,0
2304,29,29,145,0
2305,29,29,146,0
2306,29,29,147,0
2307,29,29,148,0
2308,29,29,149,0
2309,29,29,150,0
2310,29,29,151,0
2311,29,29,152,0
2312,29,29,153,0
2313,29,29,154,0
2314,29,29,155,0
2315,29,29,156,0
2316,29,29,157,0
2317,29,29,158,0
2318,29,29,159,0
2319,29,29,160,0
2320,29,29,161,0
2321,29,29,162,0
2322,29,29,163,0
2323,29,29,164,0
2324,29,29,165,0
2325,29,29,166,0
2326,29,29,167,0
2327,29,29,168,0
2328,29,29,169,0
2329,29,29,170,0
2330,29,29,171,0
2331,29,29,172,0
2332,29,29,173,0
2333,29,29,174,0
2334,29,29,175,0
2335,29,29,176,0
2336,29,29,177,0
2337,29,29,178,0
2338,29,29,179,0
2339,29,29,180,0
2340,29,29,181,0
2341,29,29,182,0
2342,29,29,183,0
2343,29,29,184,0
2344,29,29,185,0
2345,29,29,186,0
2346,29,29,187,0
2347,29,29,188,0
2348,29,29,189,0
2349,29,29,190,0
2350,29,29,191,0
2351,29,29,192,0
2352,29,29,193,0
2353,29,29,194,0
2354,29,29,195,0
2369,29,29,196,0
2370,29,29,197,0
2371,29,29,198,0
2372,29,29,199,0
2373,29,29,200,0
2374,29,29,201,0
2375,29,29,202,0
2396,29,29,203,0
2397,29,29,204,0
2398,29,29,205,0
2399,29,29,206,0
2400,29,29,207,0
2401,29,29,208,0
2402,29,29,209,0
2403,29,29,210,0
2404,29,29,211,0
2417,29,29,212,0
2418,29,29,213,0
2419,29,29,214,0
2420,29,29,215,0
2421,29,29,216,0
2422,29,29,217,0
2423,29,29,218,0
2424,29,29,219,0
2444,29,29,220,0
2445,29,29,221,0
2446,29,29,222,0
2447,29,29,223,0
2448,29,29,224,0
2453,29,29,225,0
2454,29,29,226,0
2455,29,29,227,0
2456,29,29,228,0
2457,29,29,229,0
2458,29,29,230,0
2479,29,29,231,0
2480,29,29,232,0
2481,29,29,233,0
2482,29,29,234,0
2483,29,29,235,0
2484,29,29,236,0
2485,29,29,237,0
2486,29,29,238,0
2487,29,29,239,0
2488,29,29,240,0
2489,29,29,241,0
2490,29,29,242,0
2491,29,29,243,0
2492,29,29,244,0
2493,29,29,245,0
2494,29,29,246,0
2495,29,29,247,0
2496,29,29,248,0
2497,29,29,249,0
2498,29,29,250,0
2499,29,29,251,0
2541,29,29,252,0
2542,29,29,253,0
2543,29,29,254,0
2544,29,29,255,0
2555,29,29,256,0
2556,29,29,257,0
2557,29,29,258,0
2558,29,29,259,0
2559,29,29,260,0
2560,29,29,261,0
2561,29,29,262,0
2562,29,29,263,0
2563,29,29,264,0
2564,29,29,265,0
2565,29,29,266,0
2566,29,29,267,0
2567,29,29,268,0
2568,29,29,269,0
2569,29,29,270,0
2570,29,29,271,0
2571,29,29,272,0
2572,29,29,273,0
2573,29,29,274,0
2574,29,29,275,0
2575,29,29,276,0
2576,29,29,277,0
2577,29,29,278,0
2578,29,29,279,0
2579,29,29,280,0
2586,29,29,281,0
2587,29,29,282,0
2588,29,29,283,0
2589,29,29,284,0
2590,29,29,285,0
2605,29,29,286,0
2606,29,29,287,0
2607,29,29,288,0
2608,29,29,289,0
2609,29,29,290,0
2610,29,29,291,0
2611,29,29,292,0
2612,29,29,293,0
2613,29,29,294,0
2614,29,29,295,0
2615,29,29,296,0
2616,29,29,297,0
2617,29,29,298,0
2618,29,29,299,0
2619,29,29,300,0
2620,29,29,301,0
2621,29,29,302,0
2622,29,29,303,0
2623,29,29,304,0
2624,29,29,305,0
2625,29,29,306,0
2635,29,29,307,0
2636,29,29,308,0
2637,29,29,309,0
2638,29,29,310,0
2639,29,29,311,0
2640,29,29,312,0
2641,29,29,313,0
2642,29,29,314,0
2643,29,29,315,0
2644,29,29,316,0
2645,29,29,317,0
2646,29,29,318,0
2647,29,29,319,0
2648,29,29,320,0
2649,29,29,321,0
2650,29,29,322,0
2651,29,29,323,0
2652,29,29,324,0
2653,29,29,325,0
2654,29,29,326,0
2655,29,29,327,0
2656,29,29,328,0
2657,29,29,329,0
2658,29,29,330,0
2659,29,29,331,0
2660,29,29,332,0
2661,29,29,333,0
2662,29,29,334,0
2663,29,29,335,0
2664,29,29,336,0
2665,29,29,337,0
2666,29,29,338,0
2667,29,29,339,0
2668,29,29,340,0
2669,29,29,341,0
2670,29,29,342,0
2671,29,29,343,0
2672,29,29,344,0
2673,29,29,345,0
2674,29,29,346,0
2675,29,29,347,0
2676,29,29,348,0
2682,29,29,349,0
2683,29,29,350,0
2684,29,29,351,0
2685,29,29,352,0
2686,29,29,353,0
2687,29,29,354,0
2688,29,29,355,0
2689,29,29,356,0
2690,29,29,357,0
2691,29,29,358,0
2692,29,29,359,0
2693,29,29,360,0
2694,29,29,361,0
2695,29,29,362,0
2696,29,29,363,0
2697,29,29,364,0
2698,29,29,365,0
2699,29,29,366,0
2700,29,29,367,0
2701,29,29,368,0
2702,29,29,369,0
2703,29,29,370,0
2704,29,29,371,0
2705,29,29,372,0
2706,29,29,373,0
2707,29,29,374,0
2708,29,29,375,0
2709,29,29,376,0
2710,29,29,377,0
2711,29,29,378,0
2712,29,29,379,0
2713,29,29,380,0
2714,29,29,381,0
2715,29,29,382,0
2716,29,29,383,0
2717,29,29,384,0
2718,29,29,385,0
2719,29,29,386,0
2720,29,29,387,0
2721,29,29,388,0
2722,29,29,389,0
2723,29,29,390,0
2724,29,29,391,0
2725,29,29,392,0
2726,29,29,393,0
2727,29,29,394,0
2728,29,29,395,0
2729,29,29,396,0
2730,29,29,397,0
2731,29,29,398,0
2732,29,29,399,0
2733,29,29,400,0
2734,29,29,401,0
2735,29,29,402,0
2736,29,29,403,0
2737,29,29,404,0
2738,29,29,405,0
2739,29,29,406,0
2740,29,29,407,0
2741,29,29,408,0
2742,29,29,409,0
2743,29,29,410,0
2744,29,29,411,0
2745,29,29,412,0
2746,29,29,413,0
2747,29,29,414,0
2748,29,29,415,0
2749,29,29,416,0
2750,29,29,417,0
2751,29,29,418,0
2752,29,29,419,0
2753,29,29,420,0
2754,29,29,421,0
2755,29,29,422,0
2756,29,29,423,0
2757,29,29,424,0
2758,29,29,425,0
2759,29,29,426,0
2760,29,29,427,0
2761,29,29,428,0
2762,29,29,429,0
2763,29,29,430,0
2764,29,29,431,0
2765,29,29,432,0
2766,29,29,433,0
2767,29,29,434,0
2768,29,29,435,0
2769,29,29,436,0
2770,29,29,437,0
2771,29,29,438,0
2772,29,29,439,0
2773,29,29,440,0
2774,29,29,441,0
2775,29,29,442,0
2776,29,29,443,0
2777,29,29,444,0
2778,29,29,445,0
2779,29,29,446,0
2780,29,29,447,0
2781,29,29,448,0
2782,29,29,449,0
2783,29,29,450,0
2784,29,29,451,0
2785,29,29,452,0
2786,29,29,453,0
2787,29,29,454,0
2788,29,29,455,0
2789,29,29,456,0
2790,29,29,457,0
2791,29,29,458,0
2792,29,29,459,0
2793,29,29,460,0
2794,29,29,461,0
2795,29,29,462,0
2796,29,29,463,0
2797,29,29,464,0
2798,29,29,465,0
2799,29,29,466,0
2800,29,29,467,0
2801,29,29,468,0
2802,29,29,469,0
2803,29,29,470,0
2804,29,29,471,0
2805,29,29,472,0
2806,29,29,473,0
2807,29,29,474,0
2808,29,29,475,0
2809,29,29,476,0
2810,29,29,477,0
2811,29,29,478,0
2812,29,29,479,0
2813,29,29,480,0
2814,29,29,481,0
2815,29,29,482,0
2816,29,29,483,0
2817,29,29,484,0
2818,29,29,485,0
2819,29,29,486,0
2820,29,29,487,0
2821,29,29,488,0
2822,29,29,489,0
2823,29,29,490,0
2824,29,29,491,0
2825,29,29,492,0
2826,29,29,493,0
2827,29,29,494,0
2828,29,29,495,0
2829,29,29,496,0
2830,29,29,497,0
2831,29,29,498,0
2832,29,29,499,0
2833,29,29,500,0
2834,29,29,501,0
2835,29,29,502,0
2836,29,29,503,0
2837,29,29,504,0
2838,29,29,505,0
2839,29,29,506,0
2840,29,29,507,0
2841,29,29,508,0
2842,29,29,509,0
2843,29,29,510,0
2844,29,29,511,0
2845,29,29,512,0
2846,29,29,513,0
2847,29,29,514,0
2848,29,29,515,0
2849,29,29,516,0
2850,29,29,517,0
2856,29,29,518,0
2857,29,29,519,0
2858,29,29,520,0
2859,29,29,521,0
2860,29,29,522,0
2861,29,29,523,0
2862,29,29,524,0
2863,29,29,525,0
2864,29,29,526,0
2865,29,29,527,0
2866,29,29,528,0
3593,29,29,529,0
3594,29,29,530,0
3595,29,29,531,0
3596,29,29,532,0
3597,29,29,533,0
3598,29,29,534,0
3599,29,29,535,0
3600,29,29,536,0
3601,29,29,537,0
3602,29,29,538,0
3603,29,29,539,0
3604,29,29,540,0
3605,29,29,541,0
3606,29,29,542,0
3607,29,29,543,0
3608,29,29,544,0
3609,29,29,545,0
3610,29,29,546,0
3614,29,29,547,0
3615,29,29,548,0
3616,29,29,549,0
3617,29,29,550,0
3643,29,29,551,0
3644,29,29,552,0
3645,29,29,553,0
3646,29,29,554,0
3647,29,29,555,0
3648,29,29,556,0
3649,29,29,557,0
3650,29,29,558,0
3651,29,29,559,0
3652,29,29,560,0
3653,29,29,561,0
3654,29,29,562,0
3655,29,29,563,0
3656,29,29,564,0
3657,29,29,565,0
3658,29,29,566,0
3659,29,29,567,0
3660,29,29,568,0
3661,29,29,569,0
3662,29,29,570,0
3663,29,29,571,0
3664,29,30,571,0
3665,29,31,571,0
3666,29,32,571,0
3667,29,33,571,0
3668,29,34,571,0
3669,29,35,571,0
3670,29,36,571,0
3671,29,37,571,0
3672,29,38,571,0
3673,29,39,571,0
3674,29,40,571,0
3675,29,41,571,0
3676,29,42,571,0
3677,29,43,571,0
3678,29,44,571,0
3679,29,45,571,0
3680,29,46,571,0
3681,29,47,571,0
3682,29,48,571,0
3683,29,49,571,0
3684,29,50,571,0
3685,29,51,571,0
3688,29,52,571,0
3689,29,53,571,0
3690,29,54,571,1
3691,29,55,571,2
3692,29,56,571,3
3693,29,57,571,4
3700,29,58,571,4
3701,29,59,571,4
3702,29,60,571,4
3703,29,61,571,4
3704,29,62,571,4
3705,29,63,571,4
3712,29,64,571,4
3718,29,64,572,4
3719,29,64,573,4
3720,29,64,574,4
3729,29,64,575,4
3730,29,64,576,4
3731,29,64,577,4
3732,29,64,578,4
3736,29,64,579,4
3746,29,65,579,5
3747,29,66,579,6
3748,29,67,579,7
3749,29,68,579,8
3750,29,69,579,9
3751,29,70,579,10
3752,29,71,579,11
3753,29,72,580,12
3754,29,73,580,12
3755,29,74,580,12
3756,29,75,580,12
3757,29,76,581,12
3758,29,77,582,12
3759,29,78,583,12
3760,29,79,584,12
3761,29,80,585,12
3762,29,81,585,12
3764,29,81,586,12
3765,29,81,587,12
3766,29,81,588,12
3767,29,81,589,12
3768,29,81,590,12
3769,29,81,591,12
3770,29,81,592,12
3771,29,81,593,12
3772,29,81,594,12
3773,29,81,595,12
3774,29,81,596,12
3775,29,81,597,12
3776,29,81,598,12
3777,29,82,599,12
3778,29,82,600,12
3779,29,82,601,12
3780,29,82,602,12
3781,29,82,603,12
3782,29,82,604,12
3783,29,83,605,12
3786,29,84,605,12
3787,29,85,605,12
3788,29,86,605,12
3789,29,87,605,12
3790,29,88,605,12
3796,29,89,605,12
3797,29,90,605,12
3798,29,91,605,12
3799,29,92,605,12
3800,29,93,605,12
3801,29,94,605,12
3802,29,95,605,12
3803,29,96,605,12
3804,29,97,606,12
3805,29,98,607,12
3806,29,99,608,12
3807,29,100,609,12
3808,29,101,610,12
3809,29,102,611,12
3810,29,103,612,12
3811,29,104,612,12
3812,29,105,612,12
3813,29,106,612,12
3814,29,107,612,12
3815,29,108,612,12
3816,29,109,612,12
3817,29,110,612,12
3818,29,111,612,12
3819,29,112,612,12
3820,29,113,612,12
3821,29,114,612,12
3822,29,115,612,12
3823,29,116,612,12
3824,29,117,612,12
3825,29,118,612,12
3826,29,119,612,12
3827,29,120,612,12
3828,29,121,612,13
3829,29,122,612,14
3830,29,123,612,15
3831,29,123,612,16
3832,29,123,612,17
3833,29,123,612,18
3842,29,123,612,19
3843,29,123,612,20
3844,29,123,612,21
3845,29,123,612,22
3846,29,123,612,23
3847,29,123,612,24
3848,29,123,612,25
3849,29,123,612,26
3850,29,123,612,27
3851,29,123,612,28
3855,29,124,612,28
3856,29,125,612,28
3857,29,126,612,28
3858,29,127,612,28
3859,29,128,612,28
3860,29,129,612,28
3861,29,130,612,28
3867,29,131,612,28
3868,29,132,612,28
3869,29,133,612,28
3870,29,134,612,28
3871,29,135,612,28
3872,29,136,612,28
3873,29,137,612,28
3874,29,138,612,28
3875,29,139,612,28
3893,29,139,612,29
3940,29,140,612,29
3978,29,141,612,29
3989,29,142,612,29
3993,29,143,612,29
3994,29,144,612,29
3995,29,145,612,29
3996,29,146,612,29
3997,29,147,612,29
4000,29,148,612,29
4001,29,149,612,29
4002,29,150,612,29
4003,29,151,612,29
4006,29,151,612,30
4007,29,151,612,31
4008,29,151,612,32
4009,29,151,612,33
4010,29,151,612,34
4011,29,151,612,35
4012,29,151,612,36
4073,29,151,612,37
4074,29,151,612,38
4075,29,151,612,39
4076,29,151,612,40
4077,29,151,612,41
4078,29,151,612,42
4117,29,151,612,43
4118,29,151,612,44
4119,29,151,612,45
4120,29,151,612,46
4121,29,151,612,47
4122,29,151,612,48
4123,29,151,612,49
4124,29,151,612,50
4125,29,151,612,51
4126,29,151,612,52
4127,29,151,612,53
4128,29,151,612,54
4137,29,151,612,55
4138,29,151,612,56
4139,29,151,612,57
4140,29,151,612,58
4141,29,151,612,59
4142,29,151,612,60
4143,29,151,612,61
4144,29,151,612,62
4145,29,151,612,63
4146,29,151,612,64
4147,29,151,612,65
4159,29,151,612,66
4160,29,151,612,67
4161,29,151,612,68
4162,29,151,612,69
4163,29,151,612,70
4164,29,151,612,71
4165,29,151,612,72
4166,29,151,612,73
4204,29,151,612,74
4264,29,151,613,74
4265,29,151,614,74
4266,29,151,615,74
4267,29,151,616,74
4268,29,151,617,74
4269,29,151,618,74
4270,29,151,619,74
4271,29,151,620,74
4272,29,151,621,74
4273,29,151,622,74
4274,29,151,623,74
4275,29,151,624,74
4276,29,151,625,74
4277,29,151,626,74
4306,29,152,626,74
4307,29,152,627,74
4308,29,152,628,74
4309,29,152,629,74
4310,29,152,630,74
4311,29,152,631,74
4312,29,152,632,74
4313,29,152,633,74
4314,29,152,634,74
4315,29,152,635,74
4316,29,152,636,74
4317,29,152,637,74
4318,29,152,638,74
4319,29,152,639,74
4320,29,152,640,74
4321,29,152,641,74
4322,29,153,642,74
4323,29,153,643,74
4324,29,153,644,74
4325,29,153,645,74
4326,30,153,646,74
4327,30,153,647,74
4328,30,153,648,74
4332,30,154,648,74
4350,30,155,648,74
4351,30,156,648,74
4352,30,157,648,74
4353,30,158,648,74
4355,30,158,649,74
4356,30,158,650,74
4357,30,158,651,74
4358,30,158,652,74
4359,30,158,653,74
4360,30,158,654,74
4361,30,158,655,74
4362,30,158,656,74
4363,30,158,657,74
4364,30,158,658,74
4389,30,158,659,74
4390,30,158,660,74
4391,30,158,661,74
4392,30,158,662,74
4393,30,158,663,74
4394,30,158,664,74
4395,30,158,665,74
4814,30,158,666,74
4815,30,158,667,74
4816,30,158,668,74
4817,30,158,669,74
4818,30,158,670,74
4819,30,158,671,74
4820,30,158,672,74
4821,30,158,673,74
4822,30,158,674,74
4823,30,158,675,74
4824,30,158,676,74
4825,30,158,677,74
4826,30,158,678,74
4827,30,158,679,74
4828,30,158,680,74
4829,30,158,681,74
4841,30,158,682,74
4842,30,158,683,74
4843,30,158,684,74
4844,30,158,685,74
4845,30,158,686,74
4846,30,158,687,74
4847,30,158,688,74
4848,30,158,689,74
4849,30,158,690,74
4850,30,158,691,74
4851,30,158,692,74
4852,30,158,693,74
4853,30,158,694,74
4854,30,158,695,74
4855,30,158,696,74
4856,30,158,697,74
4857,30,158,698,74
4858,30,158,699,74
4859,30,158,700,74
4860,30,158,701,74
4861,30,158,702,74
4862,30,158,703,74
4863,30,158,704,74
4864,30,158,705,74
4865,30,158,706,74
4866,30,158,707,74
4867,30,158,708,74
4868,30,158,709,74
4869,30,158,710,74
4870,30,158,711,74
4871,30,158,712,74
4872,30,158,713,74
4873,30,158,714,74
4874,30,158,715,74
4875,30,158,716,74
4876,30,158,717,74
4877,30,158,718,74
4911,30,158,719,74
4912,30,158,720,74
4913,30,158,721,74
4914,30,158,722,74
4915,30,158,723,74
4916,30,158,724,74
4917,30,158,725,74
4918,30,158,726,74
4919,30,158,727,74
4920,30,158,728,74
4954,30,158,729,74
4955,30,158,730,74
4956,30,158,731,74
4957,30,158,732,74
4958,30,158,733,74
4959,30,158,734,74
4960,30,158,735,74
4961,30,158,736,74
4962,30,158,737,74
4963,30,158,738,74
4964,30,158,739,74
4965,30,158,740,74
4966,30,158,741,74
4967,30,158,742,74
4968,30,158,743,74
4969,30,158,744,74
4970,30,158,745,74
4971,30,158,746,74
4972,30,158,747,74
4973,30,158,748,74
4974,30,158,749,74
4975,30,158,750,74
4976,30,158,751,74
4977,30,158,752,74
4978,30,158,753,74
4979,30,158,754,74
4980,30,158,755,74
4981,30,158,756,74
4982,30,158,757,74
4993,30,158,758,74
5007,30,158,759,74
5008,30,158,760,74
5009,30,158,761,74
5010,30,158,762,74
5011,30,158,763,74
5012,30,158,764,74
5013,30,158,765,74
5014,30,158,766,74
5015,30,158,767,74
5016,30,158,768,74
5017,30,158,769,74
5018,30,158,770,74
5019,30,158,771,74
5020,30,158,772,74
5021,30,158,773,74
5022,30,158,774,74
5023,30,158,775,74
5024,30,158,776,74
5025,30,158,777,74
5026,30,158,778,74
5027,30,158,779,74
5028,30,158,780,74
5029,30,158,781,74
5030,30,158,782,74
5031,30,158,783,74
5032,30,158,784,74
5033,30,158,785,74
5034,30,158,786,74
5035,30,158,787,74
5036,30,158,788,74
5037,30,158,789,74
5038,30,158,790,74
5039,30,158,791,74
5040,30,158,792,74
5041,30,158,793,74
5042,30,158,794,74
5043,30,158,795,74
5060,30,158,796,74
5061,30,158,797,74
5062,30,158,798,74
5063,30,158,799,74
5064,30,158,800,74
5065,30,158,801,74
5066,30,158,802,74
5067,30,158,803,74
5068,30,158,804,74
5077,30,158,805,74
5078,30,158,806,74
5079,30,158,807,74
5080,30,158,808,74
5081,30,158,809,74
5082,30,158,810,74
5083,30,158,811,74
5084,30,158,812,74
5085,30,158,813,74
5086,30,158,814,74
5087,30,158,815,74
5109,30,158,816,74
5110,30,158,817,74
5111,30,158,818,74
5112,30,158,819,74
5113,30,158,820,74
5114,30,158,821,74
5115,30,158,822,74
5116,30,158,823,74
5117,30,158,824,74
5118,30,158,825,74
5119,30,158,826,74
5128,30,158,827,74
5129,30,158,828,74
5130,30,158,829,74
5131,30,158,830,74
5132,30,158,831,74
5133,30,158,832,74
5134,30,158,833,74
5135,30,158,834,74
5136,30,158,835,74
5137,30,158,836,74
5138,30,158,837,74
5139,30,158,838,74
5140,30,158,839,74
5141,30,158,840,74
5142,30,158,841,74
5143,30,158,842,74
5144,30,158,843,74
5145,30,158,844,74
5163,30,158,845,74
5164,30,158,846,74
5165,30,158,847,74
5166,30,158,848,74
5167,30,158,849,74
5168,30,158,850,74
5169,30,158,851,74
5170,30,158,852,74
5171,30,158,853,74
5185,30,158,854,74
5186,30,158,855,74
5187,30,158,856,74
5188,30,158,857,74
5189,30,158,858,74
5190,30,158,859,74
5191,30,158,860,74
5192,30,158,861,74
5193,30,158,862,74
5197,30,158,863,74
5198,30,158,864,74
5199,30,158,865,74
5200,30,158,866,74
5201,30,158,867,74
5202,30,158,868,74
5203,30,158,869,74
5204,30,158,870,74
5205,30,158,871,74
5206,30,158,872,74
5207,30,158,873,74
5208,30,158,874,74
5209,30,158,875,74
5210,30,158,876,74
5211,30,158,877,74
5212,30,158,878,74
5213,30,158,879,74
5214,30,158,880,74
5215,30,158,881,74
5216,30,158,882,74
5217,30,158,883,74
5218,30,158,884,74
5219,30,158,885,74
5220,30,158,886,74
5221,30,158,887,74
5222,30,158,888,74
5223,30,158,889,74
5224,30,158,890,74
5225,30,158,891,74
5226,30,158,892,74
5227,30,158,893,74
5228,30,158,894,74
5229,30,158,895,74
5230,30,158,896,74
5231,30,158,897,74
5232,30,158,898,74
5233,30,158,899,74
5234,30,158,900,74
5235,30,158,901,74
5236,30,158,902,74
5237,30,158,903,74
5238,30,158,904,74
5239,30,158,905,74
5240,30,158,906,74
5241,30,158,907,74
5242,30,158,908,74
5243,30,158,909,74
5244,30,158,910,74
5245,31,158,911,74
5246,32,158,912,74
5247,33,158,913,74
5248,34,158,914,74
5249,35,158,915,74
5250,35,158,916,74
5251,36,158,917,74
5252,37,158,918,74
5253,38,158,919,74
5254,39,158,919,74
5255,40,158,919,74
5256,41,158,919,74
5257,42,158,919,74
5258,43,158,919,74
5259,44,158,919,74
5260,45,158,919,74
5261,46,158,919,74
5262,47,158,919,74
5263,48,158,919,74
5264,49,158,919,74
5265,50,158,919,74
5266,51,158,919,74
5275,51,158,920,74
5276,51,158,921,74
5277,51,158,922,74
5278,51,158,923,74
5279,51,158,924,74
5280,51,158,925,74
5281,51,158,926,74
5282,51,158,927,74
5283,51,158,928,74
5284,51,158,929,74
5285,51,158,930,74
5286,51,158,931,74
5287,51,158,932,74
5288,51,158,933,74
5289,51,158,934,74
5290,51,158,935,74
5291,51,158,936,74
5533,52,158,936,74
5534,53,158,936,74
5535,54,158,936,74
5536,55,158,936,74
5537,56,158,936,74
5538,57,158,936,74
5539,58,158,936,74
5540,59,158,936,74
5541,60,158,936,74
5542,61,158,936,74
5543,62,158,936,74
5551,63,158,936,74
5552,64,158,936,74
5553,65,158,936,74
5554,66,158,936,74
5555,67,158,936,74
5556,68,158,936,74
5557,69,158,936,74
5558,70,158,936,74
5559,71,158,936,74
5560,72,158,936,74
5561,73,158,936,74
5562,74,158,936,74
5563,75,158,936,74
5564,76,158,936,74
5565,77,158,936,74
5566,78,158,936,74
5567,79,158,936,74
5568,80,158,936,74
5569,81,158,936,74
5570,82,158,936,74
5571,83,158,936,74
5572,84,158,936,74
5577,85,158,936,74
5578,86,158,936,74
5579,87,158,936,74
5580,88,158,936,74
5581,89,158,936,74
5582,90,158,936,74
5583,91,158,936,74
5584,92,158,936,74
5585,93,158,936,74
5586,94,158,936,74
5587,95,158,936,74
5588,96,158,936,74
5589,97,158,936,74
5590,98,158,936,74
5591,99,158,936,74
5592,100,158,936,74
5593,101,158,936,74
5618,102,158,936,74
5619,103,158,936,74
5620,104,158,936,74
5621,105,158,936,74
5622,106,158,936,74
5623,107,158,936,74
5624,108,158,936,74
5625,109,158,936,74
5626,110,158,936,74
5627,111,158,936,74
5628,112,158,936,74
5629,113,158,936,74
5630,114,158,936,74
5631,115,158,936,74
5632,116,158,936,74
5649,117,158,936,74
5650,118,158,936,74
5651,119,158,936,74
5652,120,158,936,74
5653,121,158,936,74
5654,122,158,936,74
5655,123,158,936,74
5656,124,158,936,74
5657,125,158,936,74
5658,126,158,936,74
5659,127,158,936,74
5660,128,158,936,74
5661,129,158,936,74
5662,130,158,936,74
5663,131,158,936,74
5664,132,158,936,74
5665,133,158,936,74
5666,134,158,936,74
5667,135,158,936,74
5668,136,158,936,74
5669,137,158,936,74
5670,138,158,936,74
5671,139,158,936,74
5673,140,158,936,74
5674,141,158,936,74
5675,142,158,936,74
5676,143,158,936,74
5677,144,158,936,74
5678,145,158,936,74
5679,146,158,936,74
5680,147,158,936,74
5681,148,158,936,74
5682,149,158,936,74
5683,150,158,936,74
5684,151,158,936,74
5685,152,158,936,74
5686,153,158,936,74
5687,154,158,936,74
5688,155,158,936,74
5689,156,158,936,74
5690,157,158,936,74
5691,158,158,936,74
5692,159,158,936,74
5693,160,158,936,74
5694,161,158,936,74
5695,162,158,936,74
5698,163,158,936,74
5699,164,158,936,74
5700,165,158,936,74
5701,166,158,936,74
5702,167,158,936,74
5703,168,158,936,74
5706,169,158,936,74
5707,170,158,936,74
5708,171,158,936,74
5709,172,158,936,74
5712,173,158,936,74
5713,174,158,936,74
5714,175,158,936,74
5715,176,158,936,74
5716,177,158,936,74
5717,178,158,936,74
5718,179,158,936,74
5719,180,158,936,74
5720,181,158,936,74
5721,182,158,936,74
5722,183,158,936,74
5723,184,158,936,74
5724,185,158,936,74
5725,186,158,936,74
5726,187,158,936,74
5736,188,158,936,74
5737,189,158,936,74
5738,190,158,936,74
5739,191,158,936,74
5740,192,158,936,74
5741,193,158,936,74
5742,194,158,936,74
5743,195,158,936,74
5744,196,158,936,74
5745,197,158,936,74
5746,198,158,936,74
5747,199,158,936,74
5748,200,158,936,74
5749,201,158,936,74
5750,202,158,936,74
5751,203,158,936,74
5752,204,158,936,74
5753,205,158,936,74
5769,206,158,936,74
5770,207,158,936,74
5771,208,158,936,74
5772,209,158,936,74
5773,210,158,936,74
5774,211,158,936,74
5775,212,158,936,74
5776,213,158,936,74
5777,214,158,936,74
5778,215,158,936,74
5779,216,158,936,74
5780,217,158,936,74
5781,218,158,936,74
5782,219,158,936,74
5783,220,158,936,74
5784,221,158,936,74
5785,222,158,936,74
5786,223,158,936,74
5787,224,158,936,74
5788,225,158,936,74
5789,226,158,936,74
5790,227,158,936,74
5791,228,158,936,74
5792,229,158,936,74
5796,230,158,936,74
5797,231,158,936,74
5798,232,158,936,74
5804,232,158,936,75
5805,232,158,936,76
5806,232,158,936,77
5807,232,158,936,78
5808,232,158,936,79
5809,232,158,936,80
5810,232,158,936,81
5811,232,158,936,82
5812,232,158,936,83
5813,232,158,936,84
5832,232,158,937,84
5833,232,158,938,84
5834,232,158,939,84
5835,232,158,940,84
5836,232,158,941,84
5837,232,158,942,84
5838,232,158,943,84
5839,232,158,944,84
5840,232,158,945,84
5841,232,158,946,84
5842,232,158,947,84
5843,232,158,948,84
5844,232,158,949,84
5847,232,158,950,84
5848,232,158,951,84
5849,232,158,952,84
5850,232,158,953,84
5864,232,158,953,85
5868,232,158,953,86
5869,232,158,953,87
5870,232,158,953,88
5871,232,158,953,89
5872,232,158,953,90
5873,232,158,953,91
5874,232,158,953,92
5875,232,158,953,93
5876,232,158,953,94
5885,232,158,953,95
5886,232,158,953,96
5887,232,158,953,97
5888,232,158,953,98
5889,232,158,953,99
5890,232,158,953,100
5891,232,158,953,101
5892,232,158,953,102
5893,232,158,954,103
5894,232,158,955,103
5895,232,158,956,103
5896,232,158,957,103
5897,232,158,958,103
5898,232,158,959,103
5899,232,158,960,103
5900,232,158,961,103
5901,232,158,962,103
5902,232,158,963,103
5903,232,158,964,103
5904,232,158,965,103
5905,232,158,966,103
5906,232,158,967,103
5907,232,158,968,103
5910,233,158,968,103
5911,234,158,968,103
5912,235,158,968,103
5913,236,158,968,103
5914,237,158,968,103
5917,238,158,968,103
5918,239,158,968,103
5919,240,158,968,103
5920,241,158,968,103
5921,242,158,968,103
5927,242,158,969,103
5928,243,158,970,103
5929,243,158,971,103
5930,243,158,972,103
5931,243,158,973,103
5932,243,158,974,103
5933,243,158,975,103
5934,243,158,976,103
5935,243,158,977,103
5936,243,158,978,103
5937,243,158,979,103
5938,243,158,980,103
5939,243,158,981,103
5940,243,158,982,103
5941,243,158,983,103
5942,243,158,984,103
5943,243,158,985,103
5944,243,158,986,103
5945,243,158,987,103
5946,243,158,988,103
5947,243,158,989,103
5948,243,158,990,103
5949,243,158,991,103
5950,243,158,992,103
5951,243,158,993,103
5952,243,158,994,103
5953,243,158,995,103
5954,243,158,996,103
5955,243,158,997,103
5956,243,158,998,103
5957,243,158,999,103
5958,243,158,1000,103
5959,244,158,1001,103
5960,245,158,1002,103
5961,246,158,1002,103
5962,247,158,1002,103
5963,248,158,1002,103
5964,249,158,1002,103
5965,250,158,1002,103
5966,251,158,1002,103
5967,252,158,1002,103
5968,253,158,1002,103
5969,254,158,1002,103
5970,255,158,1002,103
5971,256,158,1002,103
5972,257,158,1002,103
5973,258,158,1002,103
5974,259,158,1002,103
5975,260,158,1002,103
5976,261,158,1002,103
5977,262,158,1002,103
5978,263,158,1002,103
5979,264,158,1002,103
5980,265,158,1002,103
5981,266,158,1002,103
5982,267,158,1002,103
5983,268,158,1002,103
5984,269,158,1002,103
5985,270,158,1002,103
5986,271,158,1002,103
5987,272,158,1002,103
5988,273,158,1002,103
5989,274,158,1002,103
5990,275,158,1002,103
5991,276,158,1002,103
5992,277,158,1002,103
5993,278,158,1002,103
5994,279,158,1002,103
5995,280,158,1002,103
5996,281,158,1002,103
5997,282,158,1002,103
5998,283,158,1002,103
5999,284,158,1002,103
6000,285,158,1002,103
6001,286,158,1002,103
6002,287,158,1002,103
6003,288,158,1002,103
6004,289,158,1002,103
6017,290,158,1002,103
6018,291,158,1002,103
6019,292,158,1002,103
6020,293,158,1002,103
6021,294,158,1002,103
6022,295,158,1002,103
6025,296,158,1002,103
6026,297,158,1002,103
6027,298,158,1002,103
6028,299,158,1002,103
6061,299,158,1002,104
6062,299,158,1002,105
6063,299,158,1002,106
6064,299,158,1002,107
6065,299,158,1002,108
6066,299,158,1002,109
6067,299,158,1002,110
6068,299,158,1002,111
6069,299,158,1002,112
6070,299,158,1002,113
6073,299,158,1002,114
6074,299,158,1002,115
6075,299,158,1002,116
6076,299,158,1002,117
6077,299,158,1002,118
6078,299,158,1002,119
6079,299,158,1002,120
6080,299,158,1002,121
6081,299,158,1002,122
6082,299,158,1002,123
6083,299,158,1002,124
6145,300,158,1002,124
6146,301,158,1002,124
6147,302,158,1002,124
6148,303,158,1002,124
6149,304,158,1002,124
6150,305,158,1002,124
6151,306,158,1002,124
6152,307,158,1002,124
6153,308,158,1003,124
6154,309,158,1004,124
6155,310,158,1005,124
6156,311,158,1006,124
6157,312,158,1007,124
6158,313,158,1008,124
6159,313,158,1009,124
6160,313,158,1010,124
6161,313,158,1011,124
6162,313,158,1012,124
6163,313,158,1013,124
6164,313,158,1014,124
6165,313,158,1015,124
6166,313,158,1016,124
6167,313,158,1017,124
6168,313,158,1018,124
6169,313,158,1019,124
6170,313,158,1020,124
6171,313,158,1021,124
6172,313,158,1022,124
6173,313,158,1023,124
6174,313,158,1024,124
6175,313,158,1025,124
6176,313,158,1026,124
6196,313,158,1027,124
6197,313,158,1028,124
6198,313,158,1029,124
6199,313,158,1030,124
6200,313,158,1031,124
7037,313,158,1032,124
7038,313,158,1033,124
7039,313,158,1034,124
7040,313,158,1035,124
7041,313,158,1036,124
7042,313,158,1037,124
7043,313,158,1038,124
7044,313,158,1039,124
7045,313,158,1040,124
7046,313,158,1041,124
7047,313,158,1042,124
7048,313,158,1043,124
7049,313,158,1044,124
7050,313,158,1045,124
7051,313,158,1046,124
7052,313,158,1047,124
7053,313,158,1048,124
7054,313,158,1049,124
7055,313,158,1050,124
7056,313,158,1051,124
7057,313,158,1052,124
7058,313,158,1053,124
7059,313,158,1054,124
7060,313,158,1055,124
7061,313,158,1056,124
7062,313,158,1057,124
7063,313,158,1058,124
7064,313,158,1059,124
7074,313,158,1060,124
7075,313,158,1061,124
7076,313,158,1062,124
7077,313,158,1063,124
7078,313,158,1064,124
7079,313,158,1065,124
7080,313,158,1066,124
7081,313,158,1067,124
7082,313,158,1068,124
7083,313,158,1069,124
7084,313,158,1070,124
7085,313,158,1071,124
7086,313,158,1072,124
7087,313,158,1073,124
7088,313,158,1074,124
7109,313,158,1075,124
7110,313,158,1076,124
7111,313,158,1077,124
7112,313,158,1078,124
7113,313,158,1079,124
7114,313,158,1080,124
7115,313,158,1081,124
7116,313,158,1082,124
7117,313,158,1083,124
7118,313,158,1084,124
7119,313,158,1085,124
7120,313,158,1086,124
7121,313,158,1087,124
7122,313,158,1088,124
7123,313,158,1089,124
7124,313,158,1090,124
7125,313,158,1091,124
7126,313,158,1092,124
7127,313,158,1093,124
7128,313,158,1094,124
7129,313,158,1095,124
7130,313,158,1096,124
7131,313,158,1097,124
7141,313,158,1098,124
7142,313,158,1099,124
7143,313,158,1100,124
7144,313,158,1101,124
7145,313,158,1102,124
7146,313,158,1103,124
7147,313,158,1104,124
7148,313,158,1105,124
7149,313,158,1106,124
7150,313,158,1107,124
7151,313,158,1108,124
7152,313,158,1109,124
7153,313,158,1110,124
7154,313,158,1111,124
7155,313,158,1112,124
7156,313,158,1113,124
7157,313,158,1114,124
7158,313,158,1115,124
7159,313,158,1116,124
7160,313,158,1117,124
7161,313,158,1118,124
7162,313,158,1119,124
7163,313,158,1120,124
7164,313,158,1121,124
7165,313,158,1122,124
7166,313,158,1123,124
7167,313,158,1124,124
7168,313,158,1125,124
7169,313,158,1126,124
7174,313,158,1127,124
7195,313,158,1128,124
7196,313,158,1129,124
7197,313,158,1130,124
7198,313,158,1131,124
7199,313,158,1132,124
7200,313,158,1133,124
7201,313,158,1134,124
7202,313,158,1135,124
7203,313,158,1136,124
7204,313,158,1137,124
7205,313,158,1138,124
7206,313,158,1139,124
7207,313,158,1140,124
7208,313,158,1141,124
7209,313,158,1142,124
7210,313,158,1143,124
7211,313,158,1144,124
7212,313,158,1145,124
7213,313,158,1146,124
7214,313,158,1147,124
7215,313,158,1148,124
7216,313,158,1149,124
7217,313,158,1150,124
7218,313,158,1151,124
7219,313,158,1152,124
7220,313,158,1153,124
7221,313,158,1154,124
7222,313,158,1155,124
7223,313,158,1156,124
7224,313,158,1157,124
7225,313,158,1158,124
7226,313,158,1159,124
7227,313,158,1160,124
7228,313,158,1161,124
7229,313,158,1162,124
7230,313,158,1163,124
7231,313,158,1164,124
7232,313,158,1165,124
7233,313,158,1166,124
7234,313,158,1167,124
7235,313,158,1168,124
7236,313,158,1169,124
7237,313,158,1170,124
7238,313,158,1171,124
7239,313,158,1172,124
7240,313,158,1173,124
7241,313,158,1174,124
7242,313,158,1175,124
7243,313,158,1176,124
7253,313,158,1177,124
7254,313,158,1178,124
7255,313,158,1179,124
7256,313,158,1180,124
7257,313,158,1181,124
7258,313,158,1182,124
7259,313,158,1183,124
7260,313,158,1184,124
7261,313,158,1185,124
7262,313,158,1186,124
7292,313,158,1187,124
7293,313,158,1188,124
7294,313,158,1189,124
7295,313,158,1190,124
7296,313,158,1191,124
7297,313,158,1192,124
7298,313,158,1193,124
7299,313,158,1194,124
7300,313,158,1195,124
7301,313,158,1196,124
7302,313,158,1197,124
7303,313,158,1198,124
7304,313,158,1199,124
7305,313,158,1200,124
7306,313,158,1201,124
7307,313,158,1202,124
7308,313,158,1203,124
7309,313,158,1204,124
7310,313,158,1205,124
7311,313,158,1206,124
7312,313,158,1207,124
7313,313,158,1208,124
7327,313,158,1209,124
7328,313,158,1210,124
7329,313,158,1211,124
7330,313,158,1212,124
7331,313,158,1213,124
7332,313,158,1214,124
7333,313,158,1215,124
7334,313,158,1216,124
7402,313,158,1217,124
7403,313,158,1218,124
7404,313,158,1219,124
7405,313,158,1220,124
7406,313,158,1221,124
7407,313,158,1222,124
7410,313,158,1223,124
7411,313,158,1224,124
7412,313,158,1225,124
7413,313,158,1226,124
7414,313,158,1227,124
7415,313,158,1228,124
7416,313,158,1229,124
7417,313,158,1230,124
7418,313,158,1231,124
7419,313,158,1232,124
7420,313,158,1233,124
7421,313,158,1234,124
7422,313,158,1235,124
7423,313,158,1236,124
7424,313,158,1237,124
7425,313,158,1238,124
7426,313,158,1239,124
7427,313,158,1240,124
7428,313,158,1241,124
7429,313,158,1242,124
7430,313,158,1243,124
7431,313,158,1244,124
7432,313,158,1245,124
7433,313,158,1246,124
7434,313,158,1247,124
7435,313,158,1248,124
7436,313,158,1249,124
7437,313,158,1250,124
7438,313,158,1251,124
7439,313,158,1252,124
7440,313,158,1253,124
7441,313,158,1254,124
7442,313,158,1255,124
7443,313,158,1256,124
7444,313,158,1257,124
7445,313,158,1258,124
7446,313,158,1259,124
7447,313,158,1260,124
7448,313,158,1261,124
7449,313,158,1262,124
7450,313,158,1263,124
7451,313,158,1264,124
7452,313,158,1265,124
7453,313,158,1266,124
7454,313,158,1267,124
7455,313,158,1268,124
7456,313,158,1269,124
7457,313,158,1270,124
7458,313,158,1271,124
7459,313,158,1272,124
7460,313,158,1273,124
7461,313,158,1274,124
7462,313,158,1275,124
7463,313,158,1276,124
7464,313,158,1277,124
7465,313,158,1278,124
7474,313,158,1279,124
7475,313,158,1280,124
7476,313,158,1281,124
7477,313,158,1282,124
7478,313,158,1283,124
7479,313,158,1284,124
7480,313,158,1285,124
7481,313,158,1286,124
7482,313,158,1287,124
7483,313,158,1288,124
7484,313,158,1289,124
7485,313,158,1290,124
7486,313,158,1291,124
7487,313,158,1292,124
7488,313,158,1293,124
7489,313,158,1294,124
7490,313,158,1295,124
7491,313,158,1296,124
7492,314,158,1297,124
7493,315,158,1298,124
7494,316,158,1299,124
7495,317,158,1300,124
7496,318,158,1301,124
7497,319,158,1301,124
7498,320,158,1301,124
7499,321,158,1301,124
7500,322,158,1301,124
7501,323,158,1301,124
7502,324,158,1301,124
7503,325,158,1301,124
7504,326,158,1301,124
7505,327,158,1301,124
7506,328,158,1301,124
7507,329,158,1301,124
7508,330,158,1301,124
7509,331,158,1301,124
7510,332,158,1301,124
7511,333,158,1301,124
7512,334,158,1301,124
7513,335,158,1301,124
7514,336,158,1301,124
7515,337,158,1301,124
7516,338,158,1301,124
7517,339,158,1301,124
7518,340,158,1301,124
7519,341,158,1301,124
7520,342,158,1301,124
7521,343,158,1301,124
7522,344,158,1301,124
7523,345,158,1301,124
7524,346,158,1301,124
7525,347,158,1301,124
7526,348,158,1301,124
7527,349,158,1301,124
7528,350,158,1301,124
7529,351,158,1301,124
7530,352,158,1301,124
7533,353,158,1301,124
7534,354,158,1301,124
7535,355,158,1301,124
7536,356,158,1302,124
7537,357,158,1303,124
7538,358,158,1304,124
7539,359,158,1305,124
7540,360,158,1306,124
7541,361,158,1307,124
7542,362,158,1307,124
7543,363,158,1307,124
7566,363,158,1308,124
7574,363,158,1309,124
7581,363,158,1310,124
7582,363,158,1311,124
7583,363,158,1312,124
7584,363,158,1313,124
7585,363,158,1314,124
7586,363,158,1315,124
7587,363,158,1316,124
7588,363,158,1317,124
7589,363,158,1318,124
7590,363,158,1319,124
7599,363,158,1320,124
7600,363,158,1321,124
7601,363,158,1322,124
7602,363,158,1323,124
7603,363,158,1324,124
7604,363,159,1325,124
7605,363,160,1326,124
7606,363,161,1327,124
7607,363,162,1328,124
7608,363,163,1329,124
7609,363,164,1330,124
7610,363,165,1330,124
7611,363,166,1330,124
7612,363,167,1331,124
7613,363,168,1331,124
7633,363,168,1332,124
7634,363,168,1333,124
7635,363,169,1334,124
7636,363,169,1335,124
7637,363,169,1336,124
7662,363,170,1336,124
7663,363,171,1336,124
7664,363,172,1336,124
7665,363,173,1336,124
7669,363,174,1336,124
7748,363,175,1336,124
7749,363,176,1336,124
7750,363,177,1336,124
7751,363,178,1336,124
7754,363,179,1336,124
7760,363,180,1336,124
7761,363,181,1336,124
7762,363,182,1336,124
7763,363,183,1336,124
7764,363,184,1336,124
7765,363,185,1336,124
7774,363,186,1337,124
7775,363,186,1338,124
7776,363,186,1339,124
7777,363,186,1340,124
7778,363,186,1341,124
7779,363,186,1342,124
7780,363,186,1343,124
7781,363,186,1344,124
7782,363,186,1345,124
7783,363,186,1346,124
7784,363,186,1347,124
7785,363,186,1348,124
7786,363,186,1349,124
7787,363,186,1350,124
7788,363,186,1351,124
7789,363,186,1352,124
7790,363,186,1353,124
7791,363,186,1354,124
7792,363,186,1355,124
7793,363,186,1356,124
7794,363,186,1357,124
7795,363,186,1358,124
7796,363,186,1359,124
7797,363,186,1360,124
7798,363,186,1361,124
7799,363,186,1362,124
7800,363,186,1363,124
7801,363,186,1364,124
7802,363,186,1365,124
7803,363,186,1366,124
7804,363,186,1367,124
7805,363,186,1368,124
7806,363,186,1369,124
7807,363,186,1370,124
7808,363,186,1371,124
7809,363,186,1372,124
7810,363,186,1373,124
7811,363,186,1374,124
7812,363,186,1375,124
7813,363,186,1376,124
7814,363,186,1377,124
7815,363,186,1378,124
7816,363,186,1379,124
7817,363,186,1380,124
7818,363,186,1381,124
7824,363,186,1382,124
7825,363,186,1383,124
7826,363,186,1384,124
7827,363,186,1385,124
7828,363,186,1386,124
7829,363,186,1387,124
7830,363,186,1388,124
7831,363,186,1389,124
7832,363,186,1390,124
7833,363,186,1391,124
7834,363,186,1392,124
7835,363,186,1393,124
7836,363,186,1394,124
7837,363,186,1395,124
7838,363,186,1396,124
7839,363,186,1397,124
7840,363,186,1398,124
7841,363,186,1399,124
7842,363,186,1400,124
7843,363,186,1401,124
7844,363,186,1402,124
7845,363,186,1403,124
7846,363,186,1404,124
7847,363,186,1405,124
7848,363,186,1406,124
7849,363,186,1407,124
7850,363,186,1408,124
7851,363,186,1409,124
7852,363,186,1410,124
7853,363,186,1411,124
7854,363,186,1412,124
7855,363,186,1413,124
7856,363,186,1414,124
7857,363,186,1415,124
7858,363,186,1416,124
7859,363,186,1417,124
7860,363,186,1418,124
7861,363,186,1419,124
7862,363,186,1420,124
7863,363,186,1421,124
7864,363,186,1422,124
7865,363,186,1423,124
7866,363,186,1424,124
7867,363,186,1425,124
7868,363,186,1426,124
7869,363,186,1427,124
7870,363,186,1428,124
7871,363,186,1429,124
7872,363,186,1430,124
7873,363,186,1431,124
7874,363,186,1432,124
7875,363,186,1433,124
7876,363,186,1434,124
7877,363,186,1435,124
7878,363,186,1436,124
7879,363,186,1437,124
7880,363,186,1438,124
7881,363,186,1439,124
7882,363,186,1440,124
7883,363,186,1441,124
7884,363,186,1442,124
7885,363,186,1443,124
7886,363,186,1444,124
7887,363,186,1445,124
7888,363,186,1446,124
7889,363,186,1447,124
7890,363,186,1448,124
7891,363,186,1449,124
7892,363,186,1450,124
7893,363,186,1451,124
7894,363,186,1452,124
7895,363,186,1453,124
7896,363,186,1454,124
7897,363,186,1455,124
7898,363,186,1456,124
7899,363,186,1457,124
7900,363,186,1458,124
7901,363,186,1459,124
7902,363,186,1460,124
7903,363,186,1461,124
7904,363,186,1462,124
7905,363,186,1463,124
7906,363,186,1464,124
7907,363,186,1465,124
7908,363,186,1466,124
7909,363,186,1467,124
7910,363,186,1468,124
7911,363,186,1469,124
7912,363,186,1470,124
7913,363,186,1471,124
7914,363,186,1472,124
7915,363,186,1473,124
7916,363,186,1474,124
7917,363,186,1475,124
7918,363,186,1476,124
7919,363,186,1477,124
7920,363,186,1478,124
7921,363,186,1479,124
7922,363,186,1480,124
7923,363,186,1481,124
7924,363,186,1482,124
7925,363,186,1483,124
7926,363,186,1484,124
7927,363,186,1485,124
7928,363,186,1486,124
7929,363,186,1487,124
7930,363,186,1488,124
7931,363,186,1489,124
7932,363,186,1490,124
7933,363,186,1491,124
7934,363,186,1492,124
7935,363,186,1493,124
7936,363,186,1494,124
7937,363,186,1495,124
7938,363,186,1496,124
7939,363,186,1497,124
7940,363,186,1498,124
7941,363,186,1499,124
7942,363,186,1500,124
7943,363,186,1501,124
7944,363,186,1502,124
7945,363,186,1503,124
7946,363,186,1504,124
7947,363,186,1505,124
7948,363,186,1506,124
7949,363,186,1507,124
7954,363,186,1508,124
7955,363,186,1509,124
7956,363,186,1510,124
7957,363,186,1511,124
7958,363,186,1512,124
7959,363,186,1513,124
7960,363,186,1514,124
7961,363,186,1515,124
7962,363,186,1516,124
7963,363,186,1517,124
7964,363,186,1518,124
7965,363,186,1519,124
7966,363,186,1520,124
7967,363,186,1521,124
7968,363,186,1522,124
7969,363,186,1523,124
7970,363,186,1524,124
7971,363,186,1525,124
7972,363,186,1526,124
7973,363,186,1527,124
7974,363,186,1528,124
7975,363,186,1529,124
7976,363,186,1530,124
7977,363,186,1531,124
7978,363,186,1532,124
7979,363,186,1533,124
7980,363,186,1534,124
7981,363,186,1535,124
7982,363,186,1536,124
7985,363,186,1537,124
7990,363,186,1538,124
8073,363,186,1539,124
8085,363,186,1540,124
8086,363,186,1541,124
8087,363,186,1542,124
8090,363,186,1543,124
8091,363,186,1544,124
8092,363,186,1545,124
8093,363,186,1546,124
8094,363,186,1547,124
8095,363,186,1548,124
8105,363,186,1549,124
8106,363,186,1550,124
8107,363,186,1551,124
8108,363,186,1552,124
8109,363,186,1553,124
8110,363,186,1554,124
8111,363,186,1555,124
8112,363,186,1556,124
8113,363,186,1557,124
8123,363,187,1557,124
8124,363,188,1557,124
8125,363,189,1557,124
8126,363,190,1557,124
8127,363,191,1557,124
8128,363,192,1557,124
8129,363,193,1557,124
8138,363,194,1557,124
8139,363,195,1557,124
8140,363,196,1557,124
8141,363,197,1557,124
8154,363,198,1557,124
8155,363,199,1557,124
8156,363,200,1557,124
8157,363,201,1557,124
8158,363,202,1557,124
8159,363,203,1557,124
8162,363,204,1557,124
8163,363,205,1557,124
8164,363,206,1557,124
8165,363,207,1557,124
8166,363,208,1557,124
8167,363,209,1557,124
8168,363,210,1557,124
8169,363,211,1557,124
8170,363,212,1557,124
8171,363,213,1557,124
8172,363,214,1557,124
8253,363,214,1557,125
8254,363,214,1557,126
8255,363,214,1557,127
8256,363,214,1557,128
8257,363,214,1557,129
11671,364,214,1557,129
11672,365,214,1557,129
11673,366,214,1557,129
11674,367,214,1557,129
11675,368,214,1557,129
11676,369,214,1557,129
11677,370,214,1557,129
11678,371,214,1557,129
11679,372,214,1557,129
11680,373,214,1557,129
11681,374,214,1557,129
11682,375,214,1557,129
11683,376,214,1557,129
12215,376,214,1558,129
12216,376,214,1559,129
12217,376,214,1560,129
12218,376,214,1561,129
12219,376,214,1562,129
12220,376,214,1563,129
12221,376,214,1564,129
12222,376,214,1565,129
12223,376,214,1566,129
12224,376,214,1567,129
12233,376,214,1568,129
12234,376,214,1569,129
12235,376,214,1570,129
12236,376,214,1571,129
12237,376,214,1572,129
12238,376,214,1573,129
12239,376,214,1574,129
12240,376,214,1575,129
12241,376,214,1576,129
12242,376,214,1577,129
12277,376,214,1578,129
12278,376,214,1579,129
12279,376,214,1580,129
12280,376,214,1581,129
12281,376,214,1582,129
12282,376,214,1583,129
12283,376,214,1584,129
12284,376,214,1585,129
12285,376,214,1586,129
12286,376,214,1587,129
12287,376,214,1588,129
12288,376,214,1589,129
12289,376,214,1590,129
12290,376,214,1591,129
12291,376,214,1592,129
12292,376,214,1593,129
12293,376,214,1594,129
12294,376,214,1595,129
12295,376,214,1596,129
12296,376,214,1597,129
12297,376,214,1598,129
12298,376,214,1599,129
12299,376,214,1600,129
12300,376,214,1601,129
12301,376,214,1602,129
12302,376,214,1603,129
12303,376,214,1604,129
12304,376,214,1605,129
12305,376,214,1606,129
12306,376,214,1607,129
12307,376,214,1608,129
12308,376,214,1609,129
12309,376,214,1610,129
12310,376,214,1611,129
12311,376,214,1612,129
12312,376,214,1613,129
12313,376,214,1614,129
12314,376,214,1615,129
12315,376,214,1616,129
12316,376,214,1617,129
12317,376,214,1618,129
12343,376,214,1619,129
12344,376,214,1620,129
12345,376,214,1621,129
12346,376,214,1622,129
12357,376,214,1623,129
12358,376,214,1624,129
12359,376,214,1625,129
12360,376,214,1626,129
12361,376,214,1627,129
12362,376,214,1628,129
12363,376,214,1629,129
12364,376,214,1630,129
12365,376,214,1631,129
12366,376,214,1632,129
12367,376,214,1633,129
12368,376,214,1634,129
12369,376,214,1635,129
12408,376,214,1635,130
12409,376,214,1635,131
12410,376,214,1635,132
12411,376,214,1635,133
12412,376,214,1635,134
12413,376,214,1635,135
12414,376,214,1635,136
12415,376,214,1635,137
12416,376,214,1635,138
12417,376,214,1635,139
12418,376,214,1635,140
12419,376,214,1635,141
12424,376,214,1635,142
12425,376,214,1635,143
12426,376,214,1635,144
12427,376,214,1635,145
12428,376,214,1635,146
12429,376,214,1635,147
12430,376,214,1635,148
12431,376,214,1635,149
12432,376,214,1635,150
12433,376,214,1635,151
12456,376,214,1635,152
12457,376,214,1635,153
12458,376,214,1635,154
12459,376,214,1635,155
12460,376,214,1635,156
12461,376,214,1635,157
12462,376,214,1635,158
12463,376,214,1635,159
12464,376,214,1635,160
12465,376,214,1635,161
12489,376,214,1635,162
12490,376,214,1635,163
12491,376,214,1635,164
12492,376,214,1635,165
12493,376,214,1635,166
12494,376,214,1635,167
12564,376,214,1635,168
12565,376,214,1635,169
12566,376,214,1635,170
12567,376,214,1635,171
12568,376,214,1635,172
12569,376,214,1635,173
14001,377,214,1635,173
14002,378,214,1635,173
14003,379,214,1635,173
14004,380,214,1635,173
14005,381,214,1635,173
14006,382,214,1635,173
14007,383,214,1635,173
14008,384,214,1635,173
14015,385,214,1635,173
14016,386,214,1635,173
14017,387,214,1635,173
14250,388,214,1635,173
14251,389,214,1635,173
14252,390,214,1635,173
14253,391,214,1635,173
14266,392,214,1635,173
14267,393,214,1635,173
14268,394,214,1635,173
14269,395,214,1635,173
14270,396,214,1635,173
14271,397,214,1635,173
14272,398,214,1635,173
14273,399,214,1635,173
14274,400,214,1635,173
14275,401,214,1635,173
14276,402,214,1635,173
14277,403,214,1635,173
14278,404,214,1635,173
14279,405,214,1635,173
14280,406,214,1635,173
14281,407,214,1635,173
14282,408,214,1635,173
14285,409,214,1635,173
14289,410,214,1635,173
14293,411,214,1635,173
14294,412,214,1635,173
14295,413,214,1635,173
14296,414,214,1635,173
14297,415,214,1635,173
14298,416,214,1635,173
14299,417,214,1635,173
14300,418,214,1635,173
14301,419,214,1635,173
14302,420,214,1635,173
14303,421,214,1635,173
14304,422,214,1635,173
14305,423,214,1635,173
14306,424,214,1635,173
14307,425,214,1635,173
14308,426,214,1635,173
14311,427,214,1635,173
14312,428,214,1635,173
14313,429,214,1635,173
14314,430,214,1635,173
14315,431,214,1635,173
14316,432,214,1635,173
14317,433,214,1635,173
14318,434,214,1635,173
14319,435,214,1635,173
14320,436,214,1635,173
14321,437,214,1635,173
14322,438,214,1635,173
14323,439,214,1635,173
14324,440,214,1635,173
14325,441,214,1635,173
14326,442,214,1635,173
14327,443,214,1635,173
14328,444,214,1635,173
14329,445,214,1635,173
14365,445,214,1636,173
14366,445,214,1637,173
14367,445,214,1638,173
14368,445,214,1639,173
14369,445,214,1640,173
14370,445,214,1641,173
14371,445,214,1642,173
14372,445,214,1643,173
14373,445,214,1644,173
14374,445,214,1645,173
14375,445,214,1646,173
14376,445,214,1647,173
14377,445,214,1648,173
14378,445,214,1649,173
14379,445,214,1650,173
14380,445,214,1651,173
14381,445,214,1652,173
14382,445,214,1653,173
14383,445,214,1654,173
14384,445,214,1655,173
14385,445,214,1656,173
16537,445,214,1657,173
16538,445,214,1658,173
16539,445,214,1659,173
16540,445,214,1660,173
16541,445,214,1661,173
16542,445,214,1662,173
16543,445,214,1663,173
16544,445,214,1664,173
16545,445,214,1665,173
16546,445,214,1666,173
16547,445,214,1667,173
16548,445,214,1668,173
16549,445,214,1669,173
16550,445,214,1670,173
16551,445,214,1671,173
16552,445,214,1672,173
16553,445,214,1673,173
16554,445,214,1674,173
16555,445,214,1675,173
16556,445,214,1676,173
16557,445,214,1677,173
16558,445,214,1678,173
16559,445,214,1679,173
16560,445,214,1680,173
16561,445,214,1681,173
16562,445,214,1682,173
16563,445,214,1683,173
16564,445,214,1684,173
16565,445,214,1685,173
16566,445,214,1686,173
16567,445,214,1687,173
16597,445,214,1688,173
16598,445,214,1689,173
16599,445,214,1690,173
16600,445,214,1691,173
16601,445,214,1692,173
16602,445,214,1693,173
16603,445,214,1694,173
16604,445,214,1695,173
16605,445,214,1696,173
16606,445,214,1697,173
16607,445,214,1698,173
16608,445,214,1699,173
16609,445,214,1700,173
16610,445,214,1701,173
16611,445,214,1702,173
16612,445,214,1703,173
16613,445,214,1704,173
16614,445,214,1705,173
16615,445,214,1706,173
16616,445,214,1707,173
16617,445,214,1708,173
16618,445,214,1709,173
16619,445,214,1710,173
16620,445,214,1711,173
16621,445,214,1712,173
16622,445,214,1713,173
16623,445,214,1714,173
16624,445,214,1715,173
16625,445,214,1716,173
16626,445,214,1717,173
16627,445,214,1718,173
16628,445,214,1719,173
16629,445,215,1720,173
16630,445,216,1720,173
16631,445,217,1720,173
16632,445,218,1720,173
16635,445,219,1720,174
16636,445,220,1720,175
16637,445,221,1720,176
16638,445,222,1720,177
16646,445,223,1720,178
16647,445,224,1720,179
16648,445,225,1720,180
16649,445,226,1720,181
16650,445,227,1720,182
16651,445,228,1720,183
16652,445,229,1720,183
16653,445,230,1720,183
16654,445,231,1720,183
16655,445,232,1720,184
16656,445,233,1720,185
16657,445,234,1720,186
16658,445,234,1720,187
16742,445,235,1720,187
16743,445,236,1720,187
16744,445,237,1720,187
16745,445,238,1720,187
16746,445,239,1720,187
16747,445,240,1720,187
16754,445,241,1720,187
16755,445,242,1720,187
16756,445,243,1720,187
16757,445,244,1720,187
16758,445,245,1720,187
16759,445,246,1720,187
16811,445,246,1720,188
17321,445,246,1721,188
17324,445,246,1722,188
17325,445,246,1723,188
17326,445,246,1724,188
17327,445,246,1725,188
17328,445,246,1726,188
17329,445,246,1727,188
17330,445,246,1728,188
17331,445,246,1729,188
17332,445,246,1730,188
17333,445,246,1731,188
17334,445,246,1732,188
17335,445,246,1733,188
17336,445,246,1734,188
17337,445,246,1735,188
17346,445,246,1736,188
17347,445,246,1737,188
17348,445,246,1738,188
17349,445,246,1739,188
17350,445,246,1740,188
17351,445,246,1741,188
17352,445,246,1742,188
17353,445,246,1743,188
17354,445,246,1744,188
17355,445,246,1745,188
17356,445,246,1746,188
17357,445,246,1747,188
17358,445,246,1748,188
17359,445,246,1749,188
17360,445,246,1750,188
17361,445,246,1751,188
17394,445,246,1752,188
17395,445,246,1753,188
17396,445,246,1754,188
17397,445,246,1755,188
17398,445,246,1756,188
17399,445,246,1757,188
17400,445,246,1758,188
17401,445,246,1759,188
17402,445,246,1760,188
17403,445,246,1761,188
17404,445,246,1762,188
17405,445,246,1763,188
17406,445,246,1764,188
17407,445,246,1765,188
17408,445,246,1766,188
17409,445,246,1767,188
17410,445,246,1768,188
17411,445,246,1769,188
17412,445,246,1770,188
17413,445,246,1771,188
17414,445,246,1772,188
17415,445,246,1773,188
17416,445,246,1774,188
17417,445,246,1775,188
17418,445,246,1776,188
17436,445,246,1777,188
17437,445,246,1778,188
17438,445,246,1779,188
17439,445,246,1780,188
17440,445,246,1781,188
17441,445,246,1782,188
17442,445,246,1783,188
17443,445,246,1784,188
17444,445,246,1785,188
17445,445,246,1786,188
17450,446,246,1786,188
17451,447,246,1786,188
17452,448,246,1786,188
17453,449,246,1786,188
17456,449,246,1787,188
17457,449,246,1788,188
17458,449,246,1789,188
17459,449,246,1790,188
17460,449,246,1791,188
17461,449,246,1792,188
17463,450,246,1792,188
17464,451,246,1792,188
17465,452,246,1792,188
17466,453,246,1792,188
17467,454,246,1792,188
17468,455,246,1792,188
17507,456,246,1792,188
17508,456,246,1793,188
17509,456,246,1794,188
17510,456,246,1795,188
17511,457,246,1796,188
17512,458,246,1797,188
17513,459,246,1798,188
17514,460,246,1799,188
17515,461,246,1800,188
17516,462,246,1801,188
17517,463,246,1802,188
17518,464,246,1803,188
17519,465,246,1804,188
17520,466,246,1805,188
17521,466,246,1806,188
17524,466,246,1806,189
17525,466,246,1806,190
17526,466,246,1806,191
17527,466,246,1806,192
17528,466,246,1806,193
17529,466,246,1806,194
17530,466,246,1806,195
17577,466,247,1806,195
17578,466,248,1806,195
17579,466,249,1806,195
17580,466,250,1806,195
17582,466,251,1806,195
17583,466,252,1806,195
17584,466,253,1806,195
17585,466,254,1806,195
17588,466,255,1806,195
17589,466,256,1806,195
17590,466,257,1806,196
17591,466,258,1806,196
17593,466,259,1806,197
17594,466,260,1806,198
17595,466,261,1806,199
17596,466,262,1806,200
17597,466,263,1806,201
17598,466,264,1806,202
17599,466,265,1806,203
17602,466,266,1806,204
17603,466,267,1806,205
17604,466,268,1806,206
17605,466,269,1806,207
17606,466,270,1806,208
17607,466,271,1806,209
17608,466,272,1806,210
17609,466,273,1806,211
17610,466,274,1806,212
17611,466,275,1806,213
17612,466,276,1806,214
17614,466,277,1806,215
17615,466,278,1806,216
17616,466,279,1806,217
17617,466,280,1806,218
17621,466,281,1806,219
17622,466,282,1806,220
17623,466,283,1806,221
17624,466,284,1806,222
17625,466,285,1806,223
17626,466,286,1806,224
17627,466,287,1806,225
17628,466,288,1806,226
17632,466,288,1806,227
17634,466,289,1806,227
17635,466,290,1806,227
17636,466,291,1806,227
17649,466,291,1806,228
17655,466,292,1806,228
17710,466,292,1806,229
17718,466,293,1806,229
17743,466,294,1806,229
17748,466,295,1806,229
17755,466,296,1806,229
17756,466,297,1806,229
17757,466,298,1806,229
17758,466,299,1806,229
17759,466,300,1806,229
17760,466,301,1806,229
17761,466,302,1806,229
17762,466,303,1806,229
17763,466,304,1806,229
17764,466,305,1806,229
17765,466,306,1806,229
17766,466,307,1806,229
17767,466,308,1806,229
17768,466,309,1806,229
17769,466,310,1806,229
17771,466,310,1806,230
17772,466,311,1806,230
17773,466,312,1806,230
17774,466,313,1806,230
17775,466,314,1806,230
17776,466,315,1806,230
17777,466,316,1806,230
17778,466,317,1806,230
17781,466,317,1806,231
17782,466,317,1806,232
17783,466,317,1806,233
17784,466,317,1806,234
17785,466,317,1806,235
17787,466,317,1806,236
17788,466,317,1806,237
17789,466,317,1806,238
17790,466,317,1806,239
17791,466,317,1806,240
17792,466,317,1806,241
17793,466,317,1806,242
17794,466,318,1806,243
17795,466,319,1806,244
17796,466,320,1806,244
17797,466,321,1806,244
17798,466,322,1806,244
17799,466,323,1806,244
17800,466,324,1806,244
17801,466,325,1806,244
17802,466,326,1806,244
17823,466,327,1806,244
17824,466,328,1806,244
17825,466,329,1806,244
17834,466,330,1806,244
17835,466,331,1806,244
17836,466,332,1806,244
17837,466,333,1806,244
17838,466,334,1806,244
17839,466,335,1806,244
17840,466,336,1806,244
17841,466,337,1806,244
17842,466,338,1806,244
17843,466,339,1806,244
17844,466,340,1806,244
17845,466,341,1806,244
17846,466,342,1806,244
17847,466,343,1806,244
17848,466,344,1806,244
17850,466,345,1806,244
17851,466,346,1806,244
17852,466,347,1806,244
17853,466,348,1806,244
17854,466,349,1806,244
17855,466,350,1806,244
17856,466,351,1806,244
17857,466,352,1806,244
17858,466,353,1806,244
17859,466,354,1806,244
17860,466,355,1806,244
17861,466,356,1806,244
17862,466,357,1806,244
17863,466,358,1806,244
17864,466,359,1806,244
17865,466,360,1806,244
17866,466,361,1806,244
17867,466,362,1806,244
17868,466,363,1806,244
17869,466,364,1806,244
17870,466,365,1806,244
17871,466,366,1806,244
17872,466,367,1806,244
17873,466,368,1806,244
17874,466,369,1806,244
17875,466,370,1806,244
17876,466,371,1806,244
17877,466,372,1806,244
17878,466,373,1806,244
17879,466,374,1806,244
17880,466,375,1806,244
17881,466,376,1806,244
17882,466,377,1806,244
17883,466,378,1806,244
17884,466,379,1806,244
17885,466,380,1806,244
17886,466,381,1806,244
17887,466,382,1806,244
17888,466,383,1806,244
17889,466,384,1806,244
17890,466,385,1806,244
17891,466,386,1806,244
17892,466,387,1806,244
17893,466,388,1806,244
17894,466,389,1806,244
17895,466,390,1806,244
17896,466,391,1806,244
17897,466,392,1806,244
17898,466,393,1806,244
17899,466,394,1806,244
17900,466,395,1806,244
17901,466,396,1806,244
17902,466,397,1806,244
17903,466,398,1806,244
17904,466,399,1806,244
17905,466,400,1806,244
17906,466,401,1806,244
17907,466,402,1806,244
17908,466,403,1806,244
17909,466,404,1806,244
17910,466,405,1806,244
17911,466,406,1806,244
17912,466,407,1806,244
17913,466,408,1806,244
17914,466,409,1806,244
17915,466,410,1806,244
17916,466,411,1806,244
17917,466,412,1806,244
17918,466,413,1806,244
17919,466,414,1806,244
17920,466,415,1806,244
17921,466,416,1806,244
17922,466,417,1806,244
17923,466,418,1806,244
17936,466,419,1806,244
17937,466,420,1806,244
17938,466,421,1806,244
17939,466,422,1806,244
17940,466,423,1806,244
17941,466,424,1806,244
17942,466,425,1806,244
17943,466,426,1806,244
17944,466,427,1806,244
17945,466,428,1806,244
17946,466,429,1806,244
17981,466,430,1806,244
17982,466,431,1806,244
17983,466,432,1806,244
17984,466,433,1806,244
17989,466,434,1806,244
17993,466,435,1806,244
17994,466,436,1806,244
17995,466,437,1806,244
17996,466,438,1806,244
18000,466,439,1806,244
18001,466,440,1806,244
18002,466,441,1806,244
18003,466,442,1806,244
18005,466,443,1806,244
18006,466,444,1806,244
18007,466,445,1806,244
18008,466,446,1806,244
18014,466,447,1806,244
18524,466,448,1806,244
18525,466,449,1806,244
18526,466,450,1806,244
18527,466,451,1806,244
18528,466,452,1806,244
18531,466,452,1806,245
18532,466,453,1806,246
18533,466,454,1806,247
18534,466,455,1806,248
18535,466,456,1806,249
18536,466,456,1806,250
18537,466,456,1806,251
18548,466,456,1806,252
18549,466,456,1806,253
18550,466,456,1806,254
18551,466,456,1806,255
18552,466,456,1806,256
18554,466,456,1806,257
18555,466,457,1806,258
18556,466,457,1806,259
18557,466,457,1806,260
18558,466,457,1806,261
18559,466,457,1806,262
18560,466,458,1806,263
18561,466,458,1806,264
18562,466,458,1806,265
18563,466,458,1806,266
18564,466,458,1806,267
18576,466,459,1806,267
18577,466,460,1806,267
18578,466,461,1806,267
18579,466,462,1806,267
18580,466,463,1806,267
18581,466,464,1806,267
18749,466,464,1807,267
18750,466,464,1808,267
18751,466,464,1809,267
18752,466,464,1810,267
18753,466,464,1811,267
18754,466,464,1812,267
18755,466,464,1813,267
18756,466,464,1814,267
18757,466,464,1815,267
18762,466,464,1816,267
18783,466,464,1816,268
18784,466,464,1816,269
18785,466,464,1816,270
18786,466,464,1816,271
18870,466,464,1816,272
19016,466,464,1817,272
19021,466,464,1818,272
19022,466,464,1819,272
19023,466,464,1820,272
19024,466,464,1821,272
19025,466,464,1822,272
19026,466,464,1823,272
19027,466,464,1824,272
19028,466,464,1825,272
19033,466,464,1826,272
19034,466,464,1827,272
19035,466,464,1828,272
19036,466,464,1829,272
19037,466,464,1830,272
19040,466,464,1831,272
19041,466,464,1832,272
19042,466,464,1833,272
19043,466,464,1834,272
19047,466,464,1835,272
